Insert into tm.ROLE (ID,NAME) values ('ROLE_SYSTEM_ADMIN',           '系统管理员');
Insert into tm.ROLE (ID,NAME) values ('ROLE_DEPARTMENT_ADMIN',       '部门管理员');
Insert into tm.ROLE (ID,NAME) values ('ROLE_USER',                   '用户');
Insert into tm.ROLE (ID,NAME) values ('ROLE_TEACHER',                '教师');
Insert into tm.ROLE (ID,NAME) values ('ROLE_IN_SCHOOL_TEACHER',      '在校教师');
Insert into tm.ROLE (ID,NAME) values ('ROLE_COURSE_TEACHER',         '任课教师');
Insert into tm.ROLE (ID,NAME) values ('ROLE_SUBJECT_DIRECTOR',       '专业负责人');
Insert into tm.ROLE (ID,NAME) values ('ROLE_DEAN_OF_TEACHING',       '教学院长');
Insert into tm.ROLE (ID,NAME) values ('ROLE_TEACHING_SECRETARY',     '教务秘书');
Insert into tm.ROLE (ID,NAME) values ('ROLE_STUDENT_ABSENCE_CHECKER','学生批假人');
Insert into tm.ROLE (ID,NAME) values ('ROLE_PLACE_BOOKING_CHECKER',  '借教室审核人');
Insert into tm.ROLE (ID,NAME) values ('ROLE_PLACE_BOOKING_ADMIN',    '借教室管理员');
Insert into tm.ROLE (ID,NAME) values ('ROLE_PROGRAM_ADMIN',          '计划管理员');
Insert into tm.ROLE (ID,NAME) values ('ROLE_REGISTER_ADMIN',         '学籍管理员');
Insert into tm.ROLE (ID,NAME) values ('ROLE_STUDENT',                '学生');
Insert into tm.ROLE (ID,NAME) values ('ROLE_IN_SCHOOL_STUDENT',      '在校学生');
Insert into tm.ROLE (ID,NAME) values ('ROLE_COURSE_REGISTER_STUDENT','可选课学生');

Insert into tm.PERMISSION (ID,NAME) values ('PERM_WORK_ITEMS',           '待办事项');
Insert into tm.PERMISSION (ID,NAME) values ('PERM_SYSTEM_SETUP',         '系统设置');
Insert into tm.PERMISSION (ID,NAME) values ('PERM_PROFILE_SETUP',        '个人设置');
Insert into tm.PERMISSION (ID,NAME) values ('PERM_SCHEME_READ',          '教学计划-查看');
Insert into tm.PERMISSION (ID,NAME) values ('PERM_SCHEME_WRITE',         '教学计划-编辑');
Insert into tm.PERMISSION (ID,NAME) values ('PERM_SCHEME_CHECK',         '教学计划-审核');
Insert into tm.PERMISSION (ID,NAME) values ('PERM_SCHEME_APPROVE',       '教学计划-审批');
Insert into tm.PERMISSION (ID,NAME) values ('PERM_VISION_READ',          '培养方案-查看');
Insert into tm.PERMISSION (ID,NAME) values ('PERM_VISION_WRITE',         '培养方案-编辑');
Insert into tm.PERMISSION (ID,NAME) values ('PERM_VISION_CHECK',         '培养方案-审核');
Insert into tm.PERMISSION (ID,NAME) values ('PERM_VISION_APPROVE',       '培养方案-审批');
Insert into tm.PERMISSION (ID,NAME) values ('PERM_SUBJECT_SETUP',        '设置-校内专业');
Insert into tm.PERMISSION (ID,NAME) values ('PERM_PROGRAM_SETUP',        '设置-教学计划');
Insert into tm.PERMISSION (ID,NAME) values ('PERM_ROLLCALL_WRITE',       '考勤-点名');
Insert into tm.PERMISSION (ID,NAME) values ('PERM_ROLLCALL_QUERY',       '考勤-统计');
Insert into tm.PERMISSION (ID,NAME) values ('PERM_SCHEDULE_READ',        '课表-查看');
Insert into tm.PERMISSION (ID,NAME) values ('PERM_COURSE_REGISTER',      '学生选课');
Insert into tm.PERMISSION (ID,NAME) values ('PERM_COURSE_EVALUATE',      '学生评教');
Insert into tm.PERMISSION (ID,NAME) values ('PERM_STUDENT_ABSENCE_WRITE','学生请假');
Insert into tm.PERMISSION (ID,NAME) values ('PERM_STUDENT_ABSENCE_CHECK','学生批假');
Insert into tm.PERMISSION (ID,NAME) values ('PERM_PLACE_BOOKING_WRITE',  '借教室-申请');
Insert into tm.PERMISSION (ID,NAME) values ('PERM_PLACE_BOOKING_CHECK',  '借教室-审核');
Insert into tm.PERMISSION (ID,NAME) values ('PERM_PLACE_BOOKING_APPROVE','借教室-审批');
Insert into tm.PERMISSION (ID,NAME) values ('PERM_CARD_REISSUE_WRITE',   '补办学生证-编辑');
Insert into tm.PERMISSION (ID,NAME) values ('PERM_CARD_REISSUE_CHECK',   '补办学生证-审核');

Insert into tm.ROLE_PERMISSION (ROLE_ID,PERMISSION_ID) values ('ROLE_SYSTEM_ADMIN',            'PERM_SYSTEM_SETUP');
Insert into tm.ROLE_PERMISSION (ROLE_ID,PERMISSION_ID) values ('ROLE_USER',                    'PERM_PROFILE_SETUP');
Insert into tm.ROLE_PERMISSION (ROLE_ID,PERMISSION_ID) values ('ROLE_STUDENT',                 'PERM_SCHEME_READ');
Insert into tm.ROLE_PERMISSION (ROLE_ID,PERMISSION_ID) values ('ROLE_TEACHER',                 'PERM_SCHEME_READ');
Insert into tm.ROLE_PERMISSION (ROLE_ID,PERMISSION_ID) values ('ROLE_SUBJECT_DIRECTOR',        'PERM_SCHEME_WRITE');
Insert into tm.ROLE_PERMISSION (ROLE_ID,PERMISSION_ID) values ('ROLE_DEAN_OF_TEACHING',        'PERM_SCHEME_CHECK');
Insert into tm.ROLE_PERMISSION (ROLE_ID,PERMISSION_ID) values ('ROLE_PROGRAM_ADMIN',           'PERM_SCHEME_APPROVE');
Insert into tm.ROLE_PERMISSION (ROLE_ID,PERMISSION_ID) values ('ROLE_STUDENT',                 'PERM_VISION_READ');
Insert into tm.ROLE_PERMISSION (ROLE_ID,PERMISSION_ID) values ('ROLE_TEACHER',                 'PERM_VISION_READ');
Insert into tm.ROLE_PERMISSION (ROLE_ID,PERMISSION_ID) values ('ROLE_SUBJECT_DIRECTOR',        'PERM_VISION_WRITE');
Insert into tm.ROLE_PERMISSION (ROLE_ID,PERMISSION_ID) values ('ROLE_DEAN_OF_TEACHING',        'PERM_VISION_CHECK');
Insert into tm.ROLE_PERMISSION (ROLE_ID,PERMISSION_ID) values ('ROLE_PROGRAM_ADMIN',           'PERM_VISION_APPROVE');
Insert into tm.ROLE_PERMISSION (ROLE_ID,PERMISSION_ID) values ('ROLE_PROGRAM_ADMIN',           'PERM_SUBJECT_SETUP');
Insert into tm.ROLE_PERMISSION (ROLE_ID,PERMISSION_ID) values ('ROLE_PROGRAM_ADMIN',           'PERM_PROGRAM_SETUP');
Insert into tm.ROLE_PERMISSION (ROLE_ID,PERMISSION_ID) values ('ROLE_COURSE_TEACHER',          'PERM_ROLLCALL_WRITE');
Insert into tm.ROLE_PERMISSION (ROLE_ID,PERMISSION_ID) values ('ROLE_IN_SCHOOL_TEACHER',       'PERM_ROLLCALL_QUERY');
Insert into tm.ROLE_PERMISSION (ROLE_ID,PERMISSION_ID) values ('ROLE_IN_SCHOOL_STUDENT',       'PERM_SCHEDULE_READ');
Insert into tm.ROLE_PERMISSION (ROLE_ID,PERMISSION_ID) values ('ROLE_IN_SCHOOL_STUDENT',       'PERM_COURSE_EVALUATE');
Insert into tm.ROLE_PERMISSION (ROLE_ID,PERMISSION_ID) values ('ROLE_IN_SCHOOL_STUDENT',       'PERM_STUDENT_ABSENCE_WRITE');
Insert into tm.ROLE_PERMISSION (ROLE_ID,PERMISSION_ID) values ('ROLE_STUDENT_ABSENCE_CHECKER', 'PERM_STUDENT_ABSENCE_CHECK');
Insert into tm.ROLE_PERMISSION (ROLE_ID,PERMISSION_ID) values ('ROLE_IN_SCHOOL_TEACHER',       'PERM_PLACE_BOOKING_WRITE');
Insert into tm.ROLE_PERMISSION (ROLE_ID,PERMISSION_ID) values ('ROLE_IN_SCHOOL_STUDENT',       'PERM_PLACE_BOOKING_WRITE');
Insert into tm.ROLE_PERMISSION (ROLE_ID,PERMISSION_ID) values ('ROLE_PLACE_BOOKING_CHECKER',   'PERM_PLACE_BOOKING_CHECK');
Insert into tm.ROLE_PERMISSION (ROLE_ID,PERMISSION_ID) values ('ROLE_PLACE_BOOKING_ADMIN',     'PERM_PLACE_BOOKING_APPROVE');
Insert into tm.ROLE_PERMISSION (ROLE_ID,PERMISSION_ID) values ('ROLE_IN_SCHOOL_STUDENT',       'PERM_CARD_REISSUE_WRITE');
Insert into tm.ROLE_PERMISSION (ROLE_ID,PERMISSION_ID) values ('ROLE_REGISTER_ADMIN',          'PERM_CARD_REISSUE_CHECK');
Insert into tm.ROLE_PERMISSION (ROLE_ID,PERMISSION_ID) values ('ROLE_USER',                    'PERM_WORK_ITEMS');

Insert into tm.WORKFLOW (ID,NAME) values ('scheme.create','教学计划编制');
Insert into tm.WORKFLOW (ID,NAME) values ('scheme.revise','教学计划变更');
Insert into tm.WORKFLOW (ID,NAME) values ('vision.create','培养方案编制');
Insert into tm.WORKFLOW (ID,NAME) values ('vision.revise','培养方案变更');
Insert into tm.WORKFLOW (ID,NAME) values ('card.reissue', '补办学生证申请');
Insert into tm.WORKFLOW (ID,NAME) values ('place.booking', '借用教室申请');

Insert into tm.WORKFLOW_ACTIVITY (WORKFLOW_ID,ID,NAME,URL) values ('scheme.create','scheme.create.approve','审批','/web/plan/schemes/${id}/reviews/${workitem}');
Insert into tm.WORKFLOW_ACTIVITY (WORKFLOW_ID,ID,NAME,URL) values ('scheme.create','scheme.create.check',  '审核','/web/plan/schemes/${id}/reviews/${workitem}');
Insert into tm.WORKFLOW_ACTIVITY (WORKFLOW_ID,ID,NAME,URL) values ('scheme.create','scheme.create.reject', '退回','/web/plan/users/${userId}/schemes#/${id}');
Insert into tm.WORKFLOW_ACTIVITY (WORKFLOW_ID,ID,NAME,URL) values ('scheme.create','scheme.create.review', '加签','/web/plan/schemes/${id}/reviews/${workitem}');
Insert into tm.WORKFLOW_ACTIVITY (WORKFLOW_ID,ID,NAME,URL) values ('scheme.create','scheme.create.view',   '查看','/web/plan/users/${userId}/schemes#/${id}');
Insert into tm.WORKFLOW_ACTIVITY (WORKFLOW_ID,ID,NAME,URL) values ('scheme.revise','scheme.revise.approve','审批','/web/plan/schemes/${id}/reviews/${workitem}');
Insert into tm.WORKFLOW_ACTIVITY (WORKFLOW_ID,ID,NAME,URL) values ('scheme.revise','scheme.revise.check',  '审核','/web/plan/schemes/${id}/reviews/${workitem}');
Insert into tm.WORKFLOW_ACTIVITY (WORKFLOW_ID,ID,NAME,URL) values ('scheme.revise','scheme.revise.reject', '退回','/web/plan/users/${userId}/schemes#/${id}');
Insert into tm.WORKFLOW_ACTIVITY (WORKFLOW_ID,ID,NAME,URL) values ('scheme.revise','scheme.revise.review', '加签','/web/plan/schemes/${id}/reviews/${workitem}');
Insert into tm.WORKFLOW_ACTIVITY (WORKFLOW_ID,ID,NAME,URL) values ('scheme.revise','scheme.revise.view',   '查看','/web/plan/users/${userId}/schemes#/${id}');
Insert into tm.WORKFLOW_ACTIVITY (WORKFLOW_ID,ID,NAME,URL) values ('vision.create','vision.create.approve','审批','/web/plan/visions/${id}/reviews/${workitem}');
Insert into tm.WORKFLOW_ACTIVITY (WORKFLOW_ID,ID,NAME,URL) values ('vision.create','vision.create.check',  '审核','/web/plan/visions/${id}/reviews/${workitem}');
Insert into tm.WORKFLOW_ACTIVITY (WORKFLOW_ID,ID,NAME,URL) values ('vision.create','vision.create.reject', '退回','/web/plan/users/${userId}/visions#/${id}');
Insert into tm.WORKFLOW_ACTIVITY (WORKFLOW_ID,ID,NAME,URL) values ('vision.create','vision.create.review', '加签','/web/plan/visions/${id}/reviews/${workitem}');
Insert into tm.WORKFLOW_ACTIVITY (WORKFLOW_ID,ID,NAME,URL) values ('vision.create','vision.create.view',   '查看','/web/plan/users/${userId}/visions#/${id}');
Insert into tm.WORKFLOW_ACTIVITY (WORKFLOW_ID,ID,NAME,URL) values ('vision.revise','vision.revise.approve','审批','/web/plan/visions/${id}/reviews/${workitem}');
Insert into tm.WORKFLOW_ACTIVITY (WORKFLOW_ID,ID,NAME,URL) values ('vision.revise','vision.revise.check',  '审核','/web/plan/visions/${id}/reviews/${workitem}');
Insert into tm.WORKFLOW_ACTIVITY (WORKFLOW_ID,ID,NAME,URL) values ('vision.revise','vision.revise.reject', '退回','/web/plan/users/${userId}/visions#/${id}');
Insert into tm.WORKFLOW_ACTIVITY (WORKFLOW_ID,ID,NAME,URL) values ('vision.revise','vision.revise.review', '加签','/web/plan/visions/${id}/reviews/${workitem}');
Insert into tm.WORKFLOW_ACTIVITY (WORKFLOW_ID,ID,NAME,URL) values ('vision.revise','vision.revise.view',   '查看','/web/plan/users/${userId}/visions#/${id}');
Insert into tm.WORKFLOW_ACTIVITY (WORKFLOW_ID,ID,NAME,URL) values ('card.reissue', 'card.reissue.check',   '审核','/web/card/cardReissues/${id}/reviews/${workitem}');
Insert into tm.WORKFLOW_ACTIVITY (WORKFLOW_ID,ID,NAME,URL) values ('card.reissue', 'card.reissue.reject',  '退回','/web/card/users/${userId}/cardReissues#/${id}');
Insert into tm.WORKFLOW_ACTIVITY (WORKFLOW_ID,ID,NAME,URL) values ('card.reissue', 'card.reissue.view',    '查看','/web/card/users/${userId}/cardReissues#/${id}');
Insert into tm.WORKFLOW_ACTIVITY (WORKFLOW_ID,ID,NAME,URL) values ('place.booking','place.booking.approve','审批','/web/place/bookingForms/${id}/reviews/${workitem}');
Insert into tm.WORKFLOW_ACTIVITY (WORKFLOW_ID,ID,NAME,URL) values ('place.booking','place.booking.check',  '审核','/web/place/bookingForms/${id}/reviews/${workitem}');
Insert into tm.WORKFLOW_ACTIVITY (WORKFLOW_ID,ID,NAME,URL) values ('place.booking','place.booking.reject', '退回','/web/place/users/${userId}/bookingForms#/${id}');
Insert into tm.WORKFLOW_ACTIVITY (WORKFLOW_ID,ID,NAME,URL) values ('place.booking','place.booking.review', '加签','/web/place/bookingForms/${id}/reviews/${workitem}');
Insert into tm.WORKFLOW_ACTIVITY (WORKFLOW_ID,ID,NAME,URL) values ('place.booking','place.booking.view',   '查看','/web/place/users/${userId}/bookingForms#/${id}');

insert into tm.BOOKING_SECTION(id, display_order, name, start, total, includes) values (1,   1, '1-2节',           1,  2,  '{1}'::int[]);
insert into tm.BOOKING_SECTION(id, display_order, name, start, total, includes) values (3,   2, '3-4节',           3,  2,  '{3}'::int[]);
insert into tm.BOOKING_SECTION(id, display_order, name, start, total, includes) values (5,   3, '5-6节',           5,  2,  '{5}'::int[]);
insert into tm.BOOKING_SECTION(id, display_order, name, start, total, includes) values (7,   4, '7-8节',           7,  2,  '{7}'::int[]);
insert into tm.BOOKING_SECTION(id, display_order, name, start, total, includes) values (9,   5, '第9节',           9,  1,  '{9}'::int[]);
insert into tm.BOOKING_SECTION(id, display_order, name, start, total, includes) values (10,  6, '10-11节',         10, 2,  '{10}'::int[]);
insert into tm.BOOKING_SECTION(id, display_order, name, start, total, includes) values (12,  7, '12-13节',         12, 2,  '{12}'::int[]);
insert into tm.BOOKING_SECTION(id, display_order, name, start, total, includes) values (-1,  8, '白天（1-9节）',   1,  9,  '{1,3,5,7,9}'::int[]);
insert into tm.BOOKING_SECTION(id, display_order, name, start, total, includes) values (-2,  9, '上午（1-4节）',   1,  4,  '{1,3}'::int[]);
insert into tm.BOOKING_SECTION(id, display_order, name, start, total, includes) values (0,  10, '中午',            0,  1,  '{0}'::int[]);
insert into tm.BOOKING_SECTION(id, display_order, name, start, total, includes) values (-3, 11, '下午（5-9节）',   5,  5,  '{5,7,9}'::int[]);
insert into tm.BOOKING_SECTION(id, display_order, name, start, total, includes) values (-4, 12, '晚上（10-13节）', 10, 4,  '{10,12}'::int[]);
insert into tm.BOOKING_SECTION(id, display_order, name, start, total, includes) values (-5, 13, '全天',            1,  13, '{0,1,3,5,7,9,10,12}'::int[]);