CREATE TABLE EA.DISCIPLINE (
    ID   NUMBER(6,0) PRIMARY KEY,
    CODE VARCHAR2(2 BYTE),
    NAME VARCHAR2(10 BYTE)
);

CREATE TABLE EA.FIELD_CLASS (
    ID            NUMBER(8,0) PRIMARY KEY,
    DISCIPLINE_ID NUMBER(6,0) REFERENCES EA.DISCIPLINE(ID),
    CODE          VARCHAR2(4 BYTE),
    NAME          VARCHAR2(20 BYTE)
);

CREATE TABLE EA.FIELD (
    ID             NUMBER(10,0) PRIMARY KEY,
    FIELD_CLASS_ID NUMBER(8,0) REFERENCES EA.FIELD_CLASS(ID),
    CODE           VARCHAR2(6 BYTE),
    NAME           VARCHAR2(50 BYTE),
    FLAG           VARCHAR2(2 BYTE)
);

CREATE TABLE EA.FIELD_ALLOW_DEGREE (
    FIELD_ID      NUMBER(10,0) REFERENCES EA.FIELD(ID),
    DISCIPLINE_ID NUMBER(6,0) REFERENCES EA.DISCIPLINE(ID)
);

CREATE TABLE EA.TERM (
    ID         NUMBER(5,0) PRIMARY KEY,
    START_DATE DATE,
    START_WEEK NUMBER(2,0),
    MID_LEFT   NUMBER(2,0),
    MID_RIGHT  NUMBER(2,0),
    END_WEEK   NUMBER(2,0),
    MAX_WEEK   NUMBER(2,0)
);

CREATE TABLE EA.COURSE_CLASS_MAPPING (
    COURSE_CLASS_ID NUMBER(13,0) PRIMARY KEY,
    ORIGINAL_ID     VARCHAR2(31 BYTE) UNIQUE NOT NULL,
    DATE_CREATED    TIMESTAMP NOT NULL
);

Insert into EA.DISCIPLINE (ID,CODE,NAME) values (199801,'01','哲学');
Insert into EA.DISCIPLINE (ID,CODE,NAME) values (199802,'02','经济学');
Insert into EA.DISCIPLINE (ID,CODE,NAME) values (199803,'03','法学');
Insert into EA.DISCIPLINE (ID,CODE,NAME) values (199804,'04','教育学');
Insert into EA.DISCIPLINE (ID,CODE,NAME) values (199805,'05','文学');
Insert into EA.DISCIPLINE (ID,CODE,NAME) values (199806,'06','历史学');
Insert into EA.DISCIPLINE (ID,CODE,NAME) values (199807,'07','理学');
Insert into EA.DISCIPLINE (ID,CODE,NAME) values (199808,'08','工学');
Insert into EA.DISCIPLINE (ID,CODE,NAME) values (199809,'09','农学');
Insert into EA.DISCIPLINE (ID,CODE,NAME) values (199810,'10','医学');
Insert into EA.DISCIPLINE (ID,CODE,NAME) values (199811,'11','管理学');
Insert into EA.DISCIPLINE (ID,CODE,NAME) values (201201,'01','哲学');
Insert into EA.DISCIPLINE (ID,CODE,NAME) values (201202,'02','经济学');
Insert into EA.DISCIPLINE (ID,CODE,NAME) values (201203,'03','法学');
Insert into EA.DISCIPLINE (ID,CODE,NAME) values (201204,'04','教育学');
Insert into EA.DISCIPLINE (ID,CODE,NAME) values (201205,'05','文学');
Insert into EA.DISCIPLINE (ID,CODE,NAME) values (201206,'06','历史学');
Insert into EA.DISCIPLINE (ID,CODE,NAME) values (201207,'07','理学');
Insert into EA.DISCIPLINE (ID,CODE,NAME) values (201208,'08','工学');
Insert into EA.DISCIPLINE (ID,CODE,NAME) values (201209,'09','农学');
Insert into EA.DISCIPLINE (ID,CODE,NAME) values (201210,'10','医学');
Insert into EA.DISCIPLINE (ID,CODE,NAME) values (201212,'12','管理学');
Insert into EA.DISCIPLINE (ID,CODE,NAME) values (201213,'13','艺术学');

Insert into EA.FIELD_CLASS (ID,DISCIPLINE_ID,CODE,NAME) values (19980101,199801,'0101','哲学类');
Insert into EA.FIELD_CLASS (ID,DISCIPLINE_ID,CODE,NAME) values (19980201,199802,'0201','经济学类');
Insert into EA.FIELD_CLASS (ID,DISCIPLINE_ID,CODE,NAME) values (19980301,199803,'0301','法学类');
Insert into EA.FIELD_CLASS (ID,DISCIPLINE_ID,CODE,NAME) values (19980302,199803,'0302','马克思主义理论类');
Insert into EA.FIELD_CLASS (ID,DISCIPLINE_ID,CODE,NAME) values (19980303,199803,'0303','社会学类');
Insert into EA.FIELD_CLASS (ID,DISCIPLINE_ID,CODE,NAME) values (19980304,199803,'0304','政治学类');
Insert into EA.FIELD_CLASS (ID,DISCIPLINE_ID,CODE,NAME) values (19980305,199803,'0305','公安学类');
Insert into EA.FIELD_CLASS (ID,DISCIPLINE_ID,CODE,NAME) values (19980401,199804,'0401','教育学类');
Insert into EA.FIELD_CLASS (ID,DISCIPLINE_ID,CODE,NAME) values (19980402,199804,'0402','体育学类');
Insert into EA.FIELD_CLASS (ID,DISCIPLINE_ID,CODE,NAME) values (19980403,199804,'0403','教育目录外类*');
Insert into EA.FIELD_CLASS (ID,DISCIPLINE_ID,CODE,NAME) values (19980501,199805,'0501','中国语言文学类');
Insert into EA.FIELD_CLASS (ID,DISCIPLINE_ID,CODE,NAME) values (19980502,199805,'0502','外国语言文学类');
Insert into EA.FIELD_CLASS (ID,DISCIPLINE_ID,CODE,NAME) values (19980503,199805,'0503','新闻传播学类');
Insert into EA.FIELD_CLASS (ID,DISCIPLINE_ID,CODE,NAME) values (19980504,199805,'0504','艺术类');
Insert into EA.FIELD_CLASS (ID,DISCIPLINE_ID,CODE,NAME) values (19980601,199806,'0601','历史学类');
Insert into EA.FIELD_CLASS (ID,DISCIPLINE_ID,CODE,NAME) values (19980701,199807,'0701','数学类');
Insert into EA.FIELD_CLASS (ID,DISCIPLINE_ID,CODE,NAME) values (19980702,199807,'0702','物理学类');
Insert into EA.FIELD_CLASS (ID,DISCIPLINE_ID,CODE,NAME) values (19980703,199807,'0703','化学类');
Insert into EA.FIELD_CLASS (ID,DISCIPLINE_ID,CODE,NAME) values (19980704,199807,'0704','生物科学类');
Insert into EA.FIELD_CLASS (ID,DISCIPLINE_ID,CODE,NAME) values (19980705,199807,'0705','天文学类');
Insert into EA.FIELD_CLASS (ID,DISCIPLINE_ID,CODE,NAME) values (19980706,199807,'0706','地质学类');
Insert into EA.FIELD_CLASS (ID,DISCIPLINE_ID,CODE,NAME) values (19980707,199807,'0707','地理科学类');
Insert into EA.FIELD_CLASS (ID,DISCIPLINE_ID,CODE,NAME) values (19980708,199807,'0708','地球物理学类');
Insert into EA.FIELD_CLASS (ID,DISCIPLINE_ID,CODE,NAME) values (19980709,199807,'0709','大气科学类');
Insert into EA.FIELD_CLASS (ID,DISCIPLINE_ID,CODE,NAME) values (19980710,199807,'0710','海洋科学类');
Insert into EA.FIELD_CLASS (ID,DISCIPLINE_ID,CODE,NAME) values (19980711,199807,'0711','力学类');
Insert into EA.FIELD_CLASS (ID,DISCIPLINE_ID,CODE,NAME) values (19980712,199807,'0712','电子信息科学类');
Insert into EA.FIELD_CLASS (ID,DISCIPLINE_ID,CODE,NAME) values (19980713,199807,'0713','材料科学类');
Insert into EA.FIELD_CLASS (ID,DISCIPLINE_ID,CODE,NAME) values (19980714,199807,'0714','环境科学类');
Insert into EA.FIELD_CLASS (ID,DISCIPLINE_ID,CODE,NAME) values (19980715,199807,'0715','心理学类');
Insert into EA.FIELD_CLASS (ID,DISCIPLINE_ID,CODE,NAME) values (19980716,199807,'0716','统计学类');
Insert into EA.FIELD_CLASS (ID,DISCIPLINE_ID,CODE,NAME) values (19980717,199807,'0717','数学目录外类*');
Insert into EA.FIELD_CLASS (ID,DISCIPLINE_ID,CODE,NAME) values (19980801,199808,'0801','地矿类');
Insert into EA.FIELD_CLASS (ID,DISCIPLINE_ID,CODE,NAME) values (19980802,199808,'0802','材料类');
Insert into EA.FIELD_CLASS (ID,DISCIPLINE_ID,CODE,NAME) values (19980803,199808,'0803','机械类');
Insert into EA.FIELD_CLASS (ID,DISCIPLINE_ID,CODE,NAME) values (19980804,199808,'0804','仪器仪表类');
Insert into EA.FIELD_CLASS (ID,DISCIPLINE_ID,CODE,NAME) values (19980805,199808,'0805','能源动力类');
Insert into EA.FIELD_CLASS (ID,DISCIPLINE_ID,CODE,NAME) values (19980806,199808,'0806','电气信息类');
Insert into EA.FIELD_CLASS (ID,DISCIPLINE_ID,CODE,NAME) values (19980807,199808,'0807','土建类');
Insert into EA.FIELD_CLASS (ID,DISCIPLINE_ID,CODE,NAME) values (19980808,199808,'0808','水利类');
Insert into EA.FIELD_CLASS (ID,DISCIPLINE_ID,CODE,NAME) values (19980809,199808,'0809','测绘类');
Insert into EA.FIELD_CLASS (ID,DISCIPLINE_ID,CODE,NAME) values (19980810,199808,'0810','环境与安全类');
Insert into EA.FIELD_CLASS (ID,DISCIPLINE_ID,CODE,NAME) values (19980811,199808,'0811','化工与制药类');
Insert into EA.FIELD_CLASS (ID,DISCIPLINE_ID,CODE,NAME) values (19980812,199808,'0812','交通运输类');
Insert into EA.FIELD_CLASS (ID,DISCIPLINE_ID,CODE,NAME) values (19980813,199808,'0813','海洋工程类');
Insert into EA.FIELD_CLASS (ID,DISCIPLINE_ID,CODE,NAME) values (19980814,199808,'0814','轻工纺织食品类');
Insert into EA.FIELD_CLASS (ID,DISCIPLINE_ID,CODE,NAME) values (19980815,199808,'0815','航空航天类');
Insert into EA.FIELD_CLASS (ID,DISCIPLINE_ID,CODE,NAME) values (19980816,199808,'0816','武器类');
Insert into EA.FIELD_CLASS (ID,DISCIPLINE_ID,CODE,NAME) values (19980817,199808,'0817','工程力学类');
Insert into EA.FIELD_CLASS (ID,DISCIPLINE_ID,CODE,NAME) values (19980818,199808,'0818','生物工程类');
Insert into EA.FIELD_CLASS (ID,DISCIPLINE_ID,CODE,NAME) values (19980819,199808,'0819','农业工程类');
Insert into EA.FIELD_CLASS (ID,DISCIPLINE_ID,CODE,NAME) values (19980820,199808,'0820','林业工程类');
Insert into EA.FIELD_CLASS (ID,DISCIPLINE_ID,CODE,NAME) values (19980821,199808,'0821','公安技术类');
Insert into EA.FIELD_CLASS (ID,DISCIPLINE_ID,CODE,NAME) values (19980901,199809,'0901','植物生产类');
Insert into EA.FIELD_CLASS (ID,DISCIPLINE_ID,CODE,NAME) values (19980902,199809,'0902','草业科学类');
Insert into EA.FIELD_CLASS (ID,DISCIPLINE_ID,CODE,NAME) values (19980903,199809,'0903','森林资源类');
Insert into EA.FIELD_CLASS (ID,DISCIPLINE_ID,CODE,NAME) values (19980904,199809,'0904','环境生态类');
Insert into EA.FIELD_CLASS (ID,DISCIPLINE_ID,CODE,NAME) values (19980905,199809,'0905','动物生产类');
Insert into EA.FIELD_CLASS (ID,DISCIPLINE_ID,CODE,NAME) values (19980906,199809,'0906','动物医学类');
Insert into EA.FIELD_CLASS (ID,DISCIPLINE_ID,CODE,NAME) values (19980907,199809,'0907','水产类');
Insert into EA.FIELD_CLASS (ID,DISCIPLINE_ID,CODE,NAME) values (19981001,199810,'1001','基础医学类');
Insert into EA.FIELD_CLASS (ID,DISCIPLINE_ID,CODE,NAME) values (19981002,199810,'1002','预防医学类');
Insert into EA.FIELD_CLASS (ID,DISCIPLINE_ID,CODE,NAME) values (19981003,199810,'1003','临床医学与医学技术类');
Insert into EA.FIELD_CLASS (ID,DISCIPLINE_ID,CODE,NAME) values (19981004,199810,'1004','口腔医学类');
Insert into EA.FIELD_CLASS (ID,DISCIPLINE_ID,CODE,NAME) values (19981005,199810,'1005','中医学类');
Insert into EA.FIELD_CLASS (ID,DISCIPLINE_ID,CODE,NAME) values (19981006,199810,'1006','法医学类');
Insert into EA.FIELD_CLASS (ID,DISCIPLINE_ID,CODE,NAME) values (19981007,199810,'1007','护理学类');
Insert into EA.FIELD_CLASS (ID,DISCIPLINE_ID,CODE,NAME) values (19981008,199810,'1008','药学类');
Insert into EA.FIELD_CLASS (ID,DISCIPLINE_ID,CODE,NAME) values (19981101,199811,'1101','管理科学与工程类');
Insert into EA.FIELD_CLASS (ID,DISCIPLINE_ID,CODE,NAME) values (19981102,199811,'1102','工商管理类');
Insert into EA.FIELD_CLASS (ID,DISCIPLINE_ID,CODE,NAME) values (19981103,199811,'1103','公共管理类');
Insert into EA.FIELD_CLASS (ID,DISCIPLINE_ID,CODE,NAME) values (19981104,199811,'1104','农业经济管理类');
Insert into EA.FIELD_CLASS (ID,DISCIPLINE_ID,CODE,NAME) values (19981105,199811,'1105','图书档案学类');
Insert into EA.FIELD_CLASS (ID,DISCIPLINE_ID,CODE,NAME) values (20120101,201201,'0101','哲学类');
Insert into EA.FIELD_CLASS (ID,DISCIPLINE_ID,CODE,NAME) values (20120201,201202,'0201','经济学类');
Insert into EA.FIELD_CLASS (ID,DISCIPLINE_ID,CODE,NAME) values (20120202,201202,'0202','财政学类');
Insert into EA.FIELD_CLASS (ID,DISCIPLINE_ID,CODE,NAME) values (20120203,201202,'0203','金融学类');
Insert into EA.FIELD_CLASS (ID,DISCIPLINE_ID,CODE,NAME) values (20120204,201202,'0204','经济与贸易类');
Insert into EA.FIELD_CLASS (ID,DISCIPLINE_ID,CODE,NAME) values (20120301,201203,'0301','法学类');
Insert into EA.FIELD_CLASS (ID,DISCIPLINE_ID,CODE,NAME) values (20120302,201203,'0302','政治学类');
Insert into EA.FIELD_CLASS (ID,DISCIPLINE_ID,CODE,NAME) values (20120303,201203,'0303','社会学类');
Insert into EA.FIELD_CLASS (ID,DISCIPLINE_ID,CODE,NAME) values (20120304,201203,'0304','民族学类');
Insert into EA.FIELD_CLASS (ID,DISCIPLINE_ID,CODE,NAME) values (20120305,201203,'0305','马克思主义理论类');
Insert into EA.FIELD_CLASS (ID,DISCIPLINE_ID,CODE,NAME) values (20120306,201203,'0306','公安学类');
Insert into EA.FIELD_CLASS (ID,DISCIPLINE_ID,CODE,NAME) values (20120401,201204,'0401','教育学类');
Insert into EA.FIELD_CLASS (ID,DISCIPLINE_ID,CODE,NAME) values (20120402,201204,'0402','体育学类');
Insert into EA.FIELD_CLASS (ID,DISCIPLINE_ID,CODE,NAME) values (20120501,201205,'0501','中国语言文学类');
Insert into EA.FIELD_CLASS (ID,DISCIPLINE_ID,CODE,NAME) values (20120502,201205,'0502','外国语言文学类');
Insert into EA.FIELD_CLASS (ID,DISCIPLINE_ID,CODE,NAME) values (20120503,201205,'0503','新闻传播学类');
Insert into EA.FIELD_CLASS (ID,DISCIPLINE_ID,CODE,NAME) values (20120601,201206,'0601','历史学类');
Insert into EA.FIELD_CLASS (ID,DISCIPLINE_ID,CODE,NAME) values (20120701,201207,'0701','数学类');
Insert into EA.FIELD_CLASS (ID,DISCIPLINE_ID,CODE,NAME) values (20120702,201207,'0702','物理学类');
Insert into EA.FIELD_CLASS (ID,DISCIPLINE_ID,CODE,NAME) values (20120703,201207,'0703','化学类');
Insert into EA.FIELD_CLASS (ID,DISCIPLINE_ID,CODE,NAME) values (20120704,201207,'0704','天文学类');
Insert into EA.FIELD_CLASS (ID,DISCIPLINE_ID,CODE,NAME) values (20120705,201207,'0705','地理科学类');
Insert into EA.FIELD_CLASS (ID,DISCIPLINE_ID,CODE,NAME) values (20120706,201207,'0706','大气科学类');
Insert into EA.FIELD_CLASS (ID,DISCIPLINE_ID,CODE,NAME) values (20120707,201207,'0707','海洋科学类');
Insert into EA.FIELD_CLASS (ID,DISCIPLINE_ID,CODE,NAME) values (20120708,201207,'0708','地球物理学类');
Insert into EA.FIELD_CLASS (ID,DISCIPLINE_ID,CODE,NAME) values (20120709,201207,'0709','地质学类');
Insert into EA.FIELD_CLASS (ID,DISCIPLINE_ID,CODE,NAME) values (20120710,201207,'0710','生物科学类');
Insert into EA.FIELD_CLASS (ID,DISCIPLINE_ID,CODE,NAME) values (20120711,201207,'0711','心理学类');
Insert into EA.FIELD_CLASS (ID,DISCIPLINE_ID,CODE,NAME) values (20120712,201207,'0712','统计学类');
Insert into EA.FIELD_CLASS (ID,DISCIPLINE_ID,CODE,NAME) values (20120801,201208,'0801','力学类');
Insert into EA.FIELD_CLASS (ID,DISCIPLINE_ID,CODE,NAME) values (20120802,201208,'0802','机械类');
Insert into EA.FIELD_CLASS (ID,DISCIPLINE_ID,CODE,NAME) values (20120803,201208,'0803','仪器类');
Insert into EA.FIELD_CLASS (ID,DISCIPLINE_ID,CODE,NAME) values (20120804,201208,'0804','材料类');
Insert into EA.FIELD_CLASS (ID,DISCIPLINE_ID,CODE,NAME) values (20120805,201208,'0805','能源动力类');
Insert into EA.FIELD_CLASS (ID,DISCIPLINE_ID,CODE,NAME) values (20120806,201208,'0806','电气类');
Insert into EA.FIELD_CLASS (ID,DISCIPLINE_ID,CODE,NAME) values (20120807,201208,'0807','电子信息类');
Insert into EA.FIELD_CLASS (ID,DISCIPLINE_ID,CODE,NAME) values (20120808,201208,'0808','自动化类');
Insert into EA.FIELD_CLASS (ID,DISCIPLINE_ID,CODE,NAME) values (20120809,201208,'0809','计算机类');
Insert into EA.FIELD_CLASS (ID,DISCIPLINE_ID,CODE,NAME) values (20120810,201208,'0810','土木类');
Insert into EA.FIELD_CLASS (ID,DISCIPLINE_ID,CODE,NAME) values (20120811,201208,'0811','水利类');
Insert into EA.FIELD_CLASS (ID,DISCIPLINE_ID,CODE,NAME) values (20120812,201208,'0812','测绘类');
Insert into EA.FIELD_CLASS (ID,DISCIPLINE_ID,CODE,NAME) values (20120813,201208,'0813','化工与制药类');
Insert into EA.FIELD_CLASS (ID,DISCIPLINE_ID,CODE,NAME) values (20120814,201208,'0814','地质类');
Insert into EA.FIELD_CLASS (ID,DISCIPLINE_ID,CODE,NAME) values (20120815,201208,'0815','矿业类');
Insert into EA.FIELD_CLASS (ID,DISCIPLINE_ID,CODE,NAME) values (20120816,201208,'0816','纺织类');
Insert into EA.FIELD_CLASS (ID,DISCIPLINE_ID,CODE,NAME) values (20120817,201208,'0817','轻工类');
Insert into EA.FIELD_CLASS (ID,DISCIPLINE_ID,CODE,NAME) values (20120818,201208,'0818','交通运输类');
Insert into EA.FIELD_CLASS (ID,DISCIPLINE_ID,CODE,NAME) values (20120819,201208,'0819','海洋工程类');
Insert into EA.FIELD_CLASS (ID,DISCIPLINE_ID,CODE,NAME) values (20120820,201208,'0820','航空航天类');
Insert into EA.FIELD_CLASS (ID,DISCIPLINE_ID,CODE,NAME) values (20120821,201208,'0821','兵器类');
Insert into EA.FIELD_CLASS (ID,DISCIPLINE_ID,CODE,NAME) values (20120822,201208,'0822','核工程类');
Insert into EA.FIELD_CLASS (ID,DISCIPLINE_ID,CODE,NAME) values (20120823,201208,'0823','农业工程类');
Insert into EA.FIELD_CLASS (ID,DISCIPLINE_ID,CODE,NAME) values (20120824,201208,'0824','林业工程类');
Insert into EA.FIELD_CLASS (ID,DISCIPLINE_ID,CODE,NAME) values (20120825,201208,'0825','环境科学与工程类');
Insert into EA.FIELD_CLASS (ID,DISCIPLINE_ID,CODE,NAME) values (20120826,201208,'0826','生物医学工程类');
Insert into EA.FIELD_CLASS (ID,DISCIPLINE_ID,CODE,NAME) values (20120827,201208,'0827','食品科学与工程类');
Insert into EA.FIELD_CLASS (ID,DISCIPLINE_ID,CODE,NAME) values (20120828,201208,'0828','建筑类');
Insert into EA.FIELD_CLASS (ID,DISCIPLINE_ID,CODE,NAME) values (20120829,201208,'0829','安全科学与工程类');
Insert into EA.FIELD_CLASS (ID,DISCIPLINE_ID,CODE,NAME) values (20120830,201208,'0830','生物工程类');
Insert into EA.FIELD_CLASS (ID,DISCIPLINE_ID,CODE,NAME) values (20120831,201208,'0831','公安技术类');
Insert into EA.FIELD_CLASS (ID,DISCIPLINE_ID,CODE,NAME) values (20120901,201209,'0901','植物生产类');
Insert into EA.FIELD_CLASS (ID,DISCIPLINE_ID,CODE,NAME) values (20120902,201209,'0902','自然保护与环境生态类');
Insert into EA.FIELD_CLASS (ID,DISCIPLINE_ID,CODE,NAME) values (20120903,201209,'0903','动物生产类');
Insert into EA.FIELD_CLASS (ID,DISCIPLINE_ID,CODE,NAME) values (20120904,201209,'0904','动物医学类');
Insert into EA.FIELD_CLASS (ID,DISCIPLINE_ID,CODE,NAME) values (20120905,201209,'0905','林学类');
Insert into EA.FIELD_CLASS (ID,DISCIPLINE_ID,CODE,NAME) values (20120906,201209,'0906','水产类');
Insert into EA.FIELD_CLASS (ID,DISCIPLINE_ID,CODE,NAME) values (20120907,201209,'0907','草学类');
Insert into EA.FIELD_CLASS (ID,DISCIPLINE_ID,CODE,NAME) values (20121001,201210,'1001','基础医学类');
Insert into EA.FIELD_CLASS (ID,DISCIPLINE_ID,CODE,NAME) values (20121002,201210,'1002','临床医学类');
Insert into EA.FIELD_CLASS (ID,DISCIPLINE_ID,CODE,NAME) values (20121003,201210,'1003','口腔医学类');
Insert into EA.FIELD_CLASS (ID,DISCIPLINE_ID,CODE,NAME) values (20121004,201210,'1004','公共卫生与预防医学类');
Insert into EA.FIELD_CLASS (ID,DISCIPLINE_ID,CODE,NAME) values (20121005,201210,'1005','中医学类');
Insert into EA.FIELD_CLASS (ID,DISCIPLINE_ID,CODE,NAME) values (20121006,201210,'1006','中西医结合类');
Insert into EA.FIELD_CLASS (ID,DISCIPLINE_ID,CODE,NAME) values (20121007,201210,'1007','药学类');
Insert into EA.FIELD_CLASS (ID,DISCIPLINE_ID,CODE,NAME) values (20121008,201210,'1008','中药学类');
Insert into EA.FIELD_CLASS (ID,DISCIPLINE_ID,CODE,NAME) values (20121009,201210,'1009','法医学类');
Insert into EA.FIELD_CLASS (ID,DISCIPLINE_ID,CODE,NAME) values (20121010,201210,'1010','医学技术类');
Insert into EA.FIELD_CLASS (ID,DISCIPLINE_ID,CODE,NAME) values (20121011,201210,'1011','护理学类');
Insert into EA.FIELD_CLASS (ID,DISCIPLINE_ID,CODE,NAME) values (20121201,201212,'1201','管理科学与工程类');
Insert into EA.FIELD_CLASS (ID,DISCIPLINE_ID,CODE,NAME) values (20121202,201212,'1202','工商管理类');
Insert into EA.FIELD_CLASS (ID,DISCIPLINE_ID,CODE,NAME) values (20121203,201212,'1203','农业经济管理类');
Insert into EA.FIELD_CLASS (ID,DISCIPLINE_ID,CODE,NAME) values (20121204,201212,'1204','公共管理类');
Insert into EA.FIELD_CLASS (ID,DISCIPLINE_ID,CODE,NAME) values (20121205,201212,'1205','图书情报与档案管理类');
Insert into EA.FIELD_CLASS (ID,DISCIPLINE_ID,CODE,NAME) values (20121206,201212,'1206','物流管理与工程类');
Insert into EA.FIELD_CLASS (ID,DISCIPLINE_ID,CODE,NAME) values (20121207,201212,'1207','工业工程类');
Insert into EA.FIELD_CLASS (ID,DISCIPLINE_ID,CODE,NAME) values (20121208,201212,'1208','电子商务类');
Insert into EA.FIELD_CLASS (ID,DISCIPLINE_ID,CODE,NAME) values (20121209,201212,'1209','旅游管理类');
Insert into EA.FIELD_CLASS (ID,DISCIPLINE_ID,CODE,NAME) values (20121301,201213,'1301','艺术学理论类');
Insert into EA.FIELD_CLASS (ID,DISCIPLINE_ID,CODE,NAME) values (20121302,201213,'1302','音乐与舞蹈学类');
Insert into EA.FIELD_CLASS (ID,DISCIPLINE_ID,CODE,NAME) values (20121303,201213,'1303','戏剧与影视学类');
Insert into EA.FIELD_CLASS (ID,DISCIPLINE_ID,CODE,NAME) values (20121304,201213,'1304','美术学类');
Insert into EA.FIELD_CLASS (ID,DISCIPLINE_ID,CODE,NAME) values (20121305,201213,'1305','设计学类');

Insert into EA.FIELD (ID,FIELD_CLASS_ID,CODE,NAME,FLAG) values (2012080714,20120807,'080714','电子信息科学与技术','T');
Insert into EA.FIELD (ID,FIELD_CLASS_ID,CODE,NAME,FLAG) values (2012080715,20120807,'080715','电信工程及管理','T');
Insert into EA.FIELD (ID,FIELD_CLASS_ID,CODE,NAME,FLAG) values (2012080716,20120807,'080716','应用电子技术教育','T');
Insert into EA.FIELD (ID,FIELD_CLASS_ID,CODE,NAME,FLAG) values (2012080801,20120808,'080801','自动化',null);
Insert into EA.FIELD (ID,FIELD_CLASS_ID,CODE,NAME,FLAG) values (2012080802,20120808,'080802','轨道交通信号与控制','T');
Insert into EA.FIELD (ID,FIELD_CLASS_ID,CODE,NAME,FLAG) values (2012080901,20120809,'080901','计算机科学与技术',null);
Insert into EA.FIELD (ID,FIELD_CLASS_ID,CODE,NAME,FLAG) values (2012080902,20120809,'080902','软件工程',null);
Insert into EA.FIELD (ID,FIELD_CLASS_ID,CODE,NAME,FLAG) values (2012080903,20120809,'080903','网络工程',null);
Insert into EA.FIELD (ID,FIELD_CLASS_ID,CODE,NAME,FLAG) values (2012080904,20120809,'080904','信息安全','K');
Insert into EA.FIELD (ID,FIELD_CLASS_ID,CODE,NAME,FLAG) values (2012080905,20120809,'080905','物联网工程',null);
Insert into EA.FIELD (ID,FIELD_CLASS_ID,CODE,NAME,FLAG) values (2012080906,20120809,'080906','数字媒体技术',null);
Insert into EA.FIELD (ID,FIELD_CLASS_ID,CODE,NAME,FLAG) values (2012080907,20120809,'080907','智能科学与技术','T');
Insert into EA.FIELD (ID,FIELD_CLASS_ID,CODE,NAME,FLAG) values (2012080908,20120809,'080908','空间信息与数字技术','T');
Insert into EA.FIELD (ID,FIELD_CLASS_ID,CODE,NAME,FLAG) values (2012080909,20120809,'080909','电子与计算机工程','T');
Insert into EA.FIELD (ID,FIELD_CLASS_ID,CODE,NAME,FLAG) values (2012081001,20120810,'081001','土木工程',null);
Insert into EA.FIELD (ID,FIELD_CLASS_ID,CODE,NAME,FLAG) values (2012081002,20120810,'081002','建筑环境与能源应用工程',null);
Insert into EA.FIELD (ID,FIELD_CLASS_ID,CODE,NAME,FLAG) values (2012081003,20120810,'081003','给排水科学与工程',null);
Insert into EA.FIELD (ID,FIELD_CLASS_ID,CODE,NAME,FLAG) values (2012081004,20120810,'081004','建筑电气与智能化',null);
Insert into EA.FIELD (ID,FIELD_CLASS_ID,CODE,NAME,FLAG) values (2012081005,20120810,'081005','城市地下空间工程','T');
Insert into EA.FIELD (ID,FIELD_CLASS_ID,CODE,NAME,FLAG) values (2012081006,20120810,'081006','道路桥梁与渡河工程','T');
Insert into EA.FIELD (ID,FIELD_CLASS_ID,CODE,NAME,FLAG) values (2012081101,20120811,'081101','水利水电工程',null);
Insert into EA.FIELD (ID,FIELD_CLASS_ID,CODE,NAME,FLAG) values (2012081102,20120811,'081102','水文与水资源工程',null);
Insert into EA.FIELD (ID,FIELD_CLASS_ID,CODE,NAME,FLAG) values (2012081103,20120811,'081103','港口航道与海岸工程',null);
Insert into EA.FIELD (ID,FIELD_CLASS_ID,CODE,NAME,FLAG) values (2012081104,20120811,'081104','水务工程','T');
Insert into EA.FIELD (ID,FIELD_CLASS_ID,CODE,NAME,FLAG) values (2012081201,20120812,'081201','测绘工程',null);
Insert into EA.FIELD (ID,FIELD_CLASS_ID,CODE,NAME,FLAG) values (2012081202,20120812,'081202','遥感科学与技术',null);
Insert into EA.FIELD (ID,FIELD_CLASS_ID,CODE,NAME,FLAG) values (2012081203,20120812,'081203','导航工程','T');
Insert into EA.FIELD (ID,FIELD_CLASS_ID,CODE,NAME,FLAG) values (2012081204,20120812,'081204','地理国情监测','T');
Insert into EA.FIELD (ID,FIELD_CLASS_ID,CODE,NAME,FLAG) values (2012081301,20120813,'081301','化学工程与工艺',null);
Insert into EA.FIELD (ID,FIELD_CLASS_ID,CODE,NAME,FLAG) values (2012081302,20120813,'081302','制药工程',null);
Insert into EA.FIELD (ID,FIELD_CLASS_ID,CODE,NAME,FLAG) values (2012081303,20120813,'081303','资源循环科学与工程','T');
Insert into EA.FIELD (ID,FIELD_CLASS_ID,CODE,NAME,FLAG) values (2012081304,20120813,'081304','能源化学工程','T');
Insert into EA.FIELD (ID,FIELD_CLASS_ID,CODE,NAME,FLAG) values (2012081305,20120813,'081305','化学工程与工业生物工程','T');
Insert into EA.FIELD (ID,FIELD_CLASS_ID,CODE,NAME,FLAG) values (2012081401,20120814,'081401','地质工程',null);
Insert into EA.FIELD (ID,FIELD_CLASS_ID,CODE,NAME,FLAG) values (2012081402,20120814,'081402','勘查技术与工程',null);
Insert into EA.FIELD (ID,FIELD_CLASS_ID,CODE,NAME,FLAG) values (2012081403,20120814,'081403','资源勘查工程',null);
Insert into EA.FIELD (ID,FIELD_CLASS_ID,CODE,NAME,FLAG) values (2012081404,20120814,'081404','地下水科学与工程','T');
Insert into EA.FIELD (ID,FIELD_CLASS_ID,CODE,NAME,FLAG) values (2012081501,20120815,'081501','采矿工程',null);
Insert into EA.FIELD (ID,FIELD_CLASS_ID,CODE,NAME,FLAG) values (2012081502,20120815,'081502','石油工程',null);
Insert into EA.FIELD (ID,FIELD_CLASS_ID,CODE,NAME,FLAG) values (2012081503,20120815,'081503','矿物加工工程',null);
Insert into EA.FIELD (ID,FIELD_CLASS_ID,CODE,NAME,FLAG) values (2012081504,20120815,'081504','油气储运工程',null);
Insert into EA.FIELD (ID,FIELD_CLASS_ID,CODE,NAME,FLAG) values (2012081505,20120815,'081505','矿物资源工程','T');
Insert into EA.FIELD (ID,FIELD_CLASS_ID,CODE,NAME,FLAG) values (2012081506,20120815,'081506','海洋油气工程','T');
Insert into EA.FIELD (ID,FIELD_CLASS_ID,CODE,NAME,FLAG) values (2012081601,20120816,'081601','纺织工程',null);
Insert into EA.FIELD (ID,FIELD_CLASS_ID,CODE,NAME,FLAG) values (2012081602,20120816,'081602','服装设计与工程',null);
Insert into EA.FIELD (ID,FIELD_CLASS_ID,CODE,NAME,FLAG) values (2012081603,20120816,'081603','非织造材料与工程','T');
Insert into EA.FIELD (ID,FIELD_CLASS_ID,CODE,NAME,FLAG) values (2012081604,20120816,'081604','服装设计与工艺教育','T');
Insert into EA.FIELD (ID,FIELD_CLASS_ID,CODE,NAME,FLAG) values (2012081701,20120817,'081701','轻化工程',null);
Insert into EA.FIELD (ID,FIELD_CLASS_ID,CODE,NAME,FLAG) values (2012081702,20120817,'081702','包装工程',null);
Insert into EA.FIELD (ID,FIELD_CLASS_ID,CODE,NAME,FLAG) values (2012081703,20120817,'081703','印刷工程',null);
Insert into EA.FIELD (ID,FIELD_CLASS_ID,CODE,NAME,FLAG) values (2012081801,20120818,'081801','交通运输',null);
Insert into EA.FIELD (ID,FIELD_CLASS_ID,CODE,NAME,FLAG) values (2012081802,20120818,'081802','交通工程',null);
Insert into EA.FIELD (ID,FIELD_CLASS_ID,CODE,NAME,FLAG) values (2012081803,20120818,'081803','航海技术','K');
Insert into EA.FIELD (ID,FIELD_CLASS_ID,CODE,NAME,FLAG) values (2012081804,20120818,'081804','轮机工程','K');
Insert into EA.FIELD (ID,FIELD_CLASS_ID,CODE,NAME,FLAG) values (2012081805,20120818,'081805','飞行技术','K');
Insert into EA.FIELD (ID,FIELD_CLASS_ID,CODE,NAME,FLAG) values (2012081806,20120818,'081806','交通设备与控制工程','T');
Insert into EA.FIELD (ID,FIELD_CLASS_ID,CODE,NAME,FLAG) values (2012081807,20120818,'081807','救助与打捞工程','T');
Insert into EA.FIELD (ID,FIELD_CLASS_ID,CODE,NAME,FLAG) values (2012081808,20120818,'081808','船舶电子电气工程','TK');
Insert into EA.FIELD (ID,FIELD_CLASS_ID,CODE,NAME,FLAG) values (2012081901,20120819,'081901','船舶与海洋工程',null);
Insert into EA.FIELD (ID,FIELD_CLASS_ID,CODE,NAME,FLAG) values (2012081902,20120819,'081902','海洋工程与技术','T');
Insert into EA.FIELD (ID,FIELD_CLASS_ID,CODE,NAME,FLAG) values (2012081903,20120819,'081903','海洋资源开发技术','T');
Insert into EA.FIELD (ID,FIELD_CLASS_ID,CODE,NAME,FLAG) values (2012082001,20120820,'082001','航空航天工程',null);
Insert into EA.FIELD (ID,FIELD_CLASS_ID,CODE,NAME,FLAG) values (2012082002,20120820,'082002','飞行器设计与工程',null);
Insert into EA.FIELD (ID,FIELD_CLASS_ID,CODE,NAME,FLAG) values (2012082003,20120820,'082003','飞行器制造工程',null);
Insert into EA.FIELD (ID,FIELD_CLASS_ID,CODE,NAME,FLAG) values (2012082004,20120820,'082004','飞行器动力工程',null);
Insert into EA.FIELD (ID,FIELD_CLASS_ID,CODE,NAME,FLAG) values (2012082005,20120820,'082005','飞行器环境与生命保障工程',null);
Insert into EA.FIELD (ID,FIELD_CLASS_ID,CODE,NAME,FLAG) values (2012082006,20120820,'082006','飞行器质量与可靠性','T');
Insert into EA.FIELD (ID,FIELD_CLASS_ID,CODE,NAME,FLAG) values (2012082007,20120820,'082007','飞行器适航技术','T');
Insert into EA.FIELD (ID,FIELD_CLASS_ID,CODE,NAME,FLAG) values (2012082101,20120821,'082101','武器系统与工程',null);
Insert into EA.FIELD (ID,FIELD_CLASS_ID,CODE,NAME,FLAG) values (2012082102,20120821,'082102','武器发射工程',null);
Insert into EA.FIELD (ID,FIELD_CLASS_ID,CODE,NAME,FLAG) values (2012082103,20120821,'082103','探测制导与控制技术',null);
Insert into EA.FIELD (ID,FIELD_CLASS_ID,CODE,NAME,FLAG) values (2012082104,20120821,'082104','弹药工程与爆炸技术',null);
Insert into EA.FIELD (ID,FIELD_CLASS_ID,CODE,NAME,FLAG) values (2012082105,20120821,'082105','特种能源技术与工程',null);
Insert into EA.FIELD (ID,FIELD_CLASS_ID,CODE,NAME,FLAG) values (2012082106,20120821,'082106','装甲车辆工程',null);
Insert into EA.FIELD (ID,FIELD_CLASS_ID,CODE,NAME,FLAG) values (2012082107,20120821,'082107','信息对抗技术',null);
Insert into EA.FIELD (ID,FIELD_CLASS_ID,CODE,NAME,FLAG) values (2012082201,20120822,'082201','核工程与核技术',null);
Insert into EA.FIELD (ID,FIELD_CLASS_ID,CODE,NAME,FLAG) values (2012082202,20120822,'082202','辐射防护与核安全',null);
Insert into EA.FIELD (ID,FIELD_CLASS_ID,CODE,NAME,FLAG) values (2012082203,20120822,'082203','工程物理',null);
Insert into EA.FIELD (ID,FIELD_CLASS_ID,CODE,NAME,FLAG) values (2012082204,20120822,'082204','核化工与核燃料工程',null);
Insert into EA.FIELD (ID,FIELD_CLASS_ID,CODE,NAME,FLAG) values (2012082301,20120823,'082301','农业工程',null);
Insert into EA.FIELD (ID,FIELD_CLASS_ID,CODE,NAME,FLAG) values (2012082302,20120823,'082302','农业机械化及其自动化',null);
Insert into EA.FIELD (ID,FIELD_CLASS_ID,CODE,NAME,FLAG) values (2012082303,20120823,'082303','农业电气化',null);
Insert into EA.FIELD (ID,FIELD_CLASS_ID,CODE,NAME,FLAG) values (2012082304,20120823,'082304','农业建筑环境与能源工程',null);
Insert into EA.FIELD (ID,FIELD_CLASS_ID,CODE,NAME,FLAG) values (2012082305,20120823,'082305','农业水利工程',null);
Insert into EA.FIELD (ID,FIELD_CLASS_ID,CODE,NAME,FLAG) values (2012082401,20120824,'082401','森林工程',null);
Insert into EA.FIELD (ID,FIELD_CLASS_ID,CODE,NAME,FLAG) values (2012082402,20120824,'082402','木材科学与工程',null);
Insert into EA.FIELD (ID,FIELD_CLASS_ID,CODE,NAME,FLAG) values (2012082403,20120824,'082403','林产化工',null);
Insert into EA.FIELD (ID,FIELD_CLASS_ID,CODE,NAME,FLAG) values (2012082501,20120825,'082501','环境科学与工程',null);
Insert into EA.FIELD (ID,FIELD_CLASS_ID,CODE,NAME,FLAG) values (2012082502,20120825,'082502','环境工程',null);
Insert into EA.FIELD (ID,FIELD_CLASS_ID,CODE,NAME,FLAG) values (2012082503,20120825,'082503','环境科学',null);
Insert into EA.FIELD (ID,FIELD_CLASS_ID,CODE,NAME,FLAG) values (2012082504,20120825,'082504','环境生态工程',null);
Insert into EA.FIELD (ID,FIELD_CLASS_ID,CODE,NAME,FLAG) values (2012082505,20120825,'082505','环保设备工程','T');
Insert into EA.FIELD (ID,FIELD_CLASS_ID,CODE,NAME,FLAG) values (2012082506,20120825,'082506','资源环境科学','T');
Insert into EA.FIELD (ID,FIELD_CLASS_ID,CODE,NAME,FLAG) values (2012082507,20120825,'082507','水质科学与技术','T');
Insert into EA.FIELD (ID,FIELD_CLASS_ID,CODE,NAME,FLAG) values (2012082601,20120826,'082601','生物医学工程',null);
Insert into EA.FIELD (ID,FIELD_CLASS_ID,CODE,NAME,FLAG) values (2012082602,20120826,'082602','假肢矫形工程','T');
Insert into EA.FIELD (ID,FIELD_CLASS_ID,CODE,NAME,FLAG) values (2012082701,20120827,'082701','食品科学与工程',null);
Insert into EA.FIELD (ID,FIELD_CLASS_ID,CODE,NAME,FLAG) values (2012082702,20120827,'082702','食品质量与安全',null);
Insert into EA.FIELD (ID,FIELD_CLASS_ID,CODE,NAME,FLAG) values (2012082703,20120827,'082703','粮食工程',null);
Insert into EA.FIELD (ID,FIELD_CLASS_ID,CODE,NAME,FLAG) values (2012082704,20120827,'082704','乳品工程',null);
Insert into EA.FIELD (ID,FIELD_CLASS_ID,CODE,NAME,FLAG) values (2012082705,20120827,'082705','酿酒工程',null);
Insert into EA.FIELD (ID,FIELD_CLASS_ID,CODE,NAME,FLAG) values (2012082706,20120827,'082706','葡萄与葡萄酒工程','T');
Insert into EA.FIELD (ID,FIELD_CLASS_ID,CODE,NAME,FLAG) values (2012082707,20120827,'082707','食品营养与检验教育','T');
Insert into EA.FIELD (ID,FIELD_CLASS_ID,CODE,NAME,FLAG) values (2012082708,20120827,'082708','烹饪与营养教育','T');
Insert into EA.FIELD (ID,FIELD_CLASS_ID,CODE,NAME,FLAG) values (2012082801,20120828,'082801','建筑学',null);
Insert into EA.FIELD (ID,FIELD_CLASS_ID,CODE,NAME,FLAG) values (2012082802,20120828,'082802','城乡规划',null);
Insert into EA.FIELD (ID,FIELD_CLASS_ID,CODE,NAME,FLAG) values (2012082803,20120828,'082803','风景园林',null);
Insert into EA.FIELD (ID,FIELD_CLASS_ID,CODE,NAME,FLAG) values (2012082804,20120828,'082804','历史建筑保护工程','T');
Insert into EA.FIELD (ID,FIELD_CLASS_ID,CODE,NAME,FLAG) values (2012082901,20120829,'082901','安全工程',null);
Insert into EA.FIELD (ID,FIELD_CLASS_ID,CODE,NAME,FLAG) values (2012083001,20120830,'083001','生物工程',null);
Insert into EA.FIELD (ID,FIELD_CLASS_ID,CODE,NAME,FLAG) values (2012083002,20120830,'083002','生物制药','T');
Insert into EA.FIELD (ID,FIELD_CLASS_ID,CODE,NAME,FLAG) values (2012083101,20120831,'083101','刑事科学技术','K');
Insert into EA.FIELD (ID,FIELD_CLASS_ID,CODE,NAME,FLAG) values (2012083102,20120831,'083102','消防工程','K');
Insert into EA.FIELD (ID,FIELD_CLASS_ID,CODE,NAME,FLAG) values (2012083103,20120831,'083103','交通管理工程','TK');
Insert into EA.FIELD (ID,FIELD_CLASS_ID,CODE,NAME,FLAG) values (2012083104,20120831,'083104','安全防范工程','TK');
Insert into EA.FIELD (ID,FIELD_CLASS_ID,CODE,NAME,FLAG) values (2012083105,20120831,'083105','公安视听技术','TK');
Insert into EA.FIELD (ID,FIELD_CLASS_ID,CODE,NAME,FLAG) values (2012083106,20120831,'083106','抢险救援指挥与技术','TK');
Insert into EA.FIELD (ID,FIELD_CLASS_ID,CODE,NAME,FLAG) values (2012083107,20120831,'083107','火灾勘查','TK');
Insert into EA.FIELD (ID,FIELD_CLASS_ID,CODE,NAME,FLAG) values (2012083108,20120831,'083108','网络安全与执法','TK');
Insert into EA.FIELD (ID,FIELD_CLASS_ID,CODE,NAME,FLAG) values (2012083109,20120831,'083109','核生化消防','TK');
Insert into EA.FIELD (ID,FIELD_CLASS_ID,CODE,NAME,FLAG) values (2012090101,20120901,'090101','农学',null);
Insert into EA.FIELD (ID,FIELD_CLASS_ID,CODE,NAME,FLAG) values (2012090102,20120901,'090102','园艺',null);
Insert into EA.FIELD (ID,FIELD_CLASS_ID,CODE,NAME,FLAG) values (2012090103,20120901,'090103','植物保护',null);
Insert into EA.FIELD (ID,FIELD_CLASS_ID,CODE,NAME,FLAG) values (2012090104,20120901,'090104','植物科学与技术',null);
Insert into EA.FIELD (ID,FIELD_CLASS_ID,CODE,NAME,FLAG) values (2012090105,20120901,'090105','种子科学与工程',null);
Insert into EA.FIELD (ID,FIELD_CLASS_ID,CODE,NAME,FLAG) values (2012090106,20120901,'090106','设施农业科学与工程',null);
Insert into EA.FIELD (ID,FIELD_CLASS_ID,CODE,NAME,FLAG) values (2012090107,20120901,'090107','茶学','T');
Insert into EA.FIELD (ID,FIELD_CLASS_ID,CODE,NAME,FLAG) values (2012090108,20120901,'090108','烟草','T');
Insert into EA.FIELD (ID,FIELD_CLASS_ID,CODE,NAME,FLAG) values (2012090109,20120901,'090109','应用生物科学','T');
Insert into EA.FIELD (ID,FIELD_CLASS_ID,CODE,NAME,FLAG) values (2012090110,20120901,'090110','农艺教育','T');
Insert into EA.FIELD (ID,FIELD_CLASS_ID,CODE,NAME,FLAG) values (2012090111,20120901,'090111','园艺教育','T');
Insert into EA.FIELD (ID,FIELD_CLASS_ID,CODE,NAME,FLAG) values (2012090201,20120902,'090201','农业资源与环境',null);
Insert into EA.FIELD (ID,FIELD_CLASS_ID,CODE,NAME,FLAG) values (2012090202,20120902,'090202','野生动物与自然保护区管理',null);
Insert into EA.FIELD (ID,FIELD_CLASS_ID,CODE,NAME,FLAG) values (2012090203,20120902,'090203','水土保持与荒漠化防治',null);
Insert into EA.FIELD (ID,FIELD_CLASS_ID,CODE,NAME,FLAG) values (2012090301,20120903,'090301','动物科学',null);
Insert into EA.FIELD (ID,FIELD_CLASS_ID,CODE,NAME,FLAG) values (2012090302,20120903,'090302','蚕学','T');
Insert into EA.FIELD (ID,FIELD_CLASS_ID,CODE,NAME,FLAG) values (2012090303,20120903,'090303','蜂学','T');
Insert into EA.FIELD (ID,FIELD_CLASS_ID,CODE,NAME,FLAG) values (2012090401,20120904,'090401','动物医学',null);
Insert into EA.FIELD (ID,FIELD_CLASS_ID,CODE,NAME,FLAG) values (2012090402,20120904,'090402','动物药学',null);
Insert into EA.FIELD (ID,FIELD_CLASS_ID,CODE,NAME,FLAG) values (2012090403,20120904,'090403','动植物检疫','T');
Insert into EA.FIELD (ID,FIELD_CLASS_ID,CODE,NAME,FLAG) values (2012090501,20120905,'090501','林学',null);
Insert into EA.FIELD (ID,FIELD_CLASS_ID,CODE,NAME,FLAG) values (2012090502,20120905,'090502','园林',null);
Insert into EA.FIELD (ID,FIELD_CLASS_ID,CODE,NAME,FLAG) values (2012090503,20120905,'090503','森林保护',null);
Insert into EA.FIELD (ID,FIELD_CLASS_ID,CODE,NAME,FLAG) values (2012090601,20120906,'090601','水产养殖学',null);
Insert into EA.FIELD (ID,FIELD_CLASS_ID,CODE,NAME,FLAG) values (2012090602,20120906,'090602','海洋渔业科学与技术',null);
Insert into EA.FIELD (ID,FIELD_CLASS_ID,CODE,NAME,FLAG) values (2012090603,20120906,'090603','水族科学与技术','T');
Insert into EA.FIELD (ID,FIELD_CLASS_ID,CODE,NAME,FLAG) values (2012090701,20120907,'090701','草业科学',null);
Insert into EA.FIELD (ID,FIELD_CLASS_ID,CODE,NAME,FLAG) values (2012100101,20121001,'100101','基础医学','K');
Insert into EA.FIELD (ID,FIELD_CLASS_ID,CODE,NAME,FLAG) values (2012100201,20121002,'100201','临床医学','K');
Insert into EA.FIELD (ID,FIELD_CLASS_ID,CODE,NAME,FLAG) values (2012100202,20121002,'100202','麻醉学','TK');
Insert into EA.FIELD (ID,FIELD_CLASS_ID,CODE,NAME,FLAG) values (2012100203,20121002,'100203','医学影像学','TK');
Insert into EA.FIELD (ID,FIELD_CLASS_ID,CODE,NAME,FLAG) values (2012100204,20121002,'100204','眼视光医学','TK');
Insert into EA.FIELD (ID,FIELD_CLASS_ID,CODE,NAME,FLAG) values (2012100205,20121002,'100205','精神医学','TK');
Insert into EA.FIELD (ID,FIELD_CLASS_ID,CODE,NAME,FLAG) values (2012100206,20121002,'100206','放射医学','TK');
Insert into EA.FIELD (ID,FIELD_CLASS_ID,CODE,NAME,FLAG) values (2012100301,20121003,'100301','口腔医学','K');
Insert into EA.FIELD (ID,FIELD_CLASS_ID,CODE,NAME,FLAG) values (2012100401,20121004,'100401','预防医学','K');
Insert into EA.FIELD (ID,FIELD_CLASS_ID,CODE,NAME,FLAG) values (2012100402,20121004,'100402','食品卫生与营养学',null);
Insert into EA.FIELD (ID,FIELD_CLASS_ID,CODE,NAME,FLAG) values (2012100403,20121004,'100403','妇幼保健医学','TK');
Insert into EA.FIELD (ID,FIELD_CLASS_ID,CODE,NAME,FLAG) values (2012100404,20121004,'100404','卫生监督','TK');
Insert into EA.FIELD (ID,FIELD_CLASS_ID,CODE,NAME,FLAG) values (2012100405,20121004,'100405','全球健康学','TK');
Insert into EA.FIELD (ID,FIELD_CLASS_ID,CODE,NAME,FLAG) values (2012100501,20121005,'100501','中医学','K');
Insert into EA.FIELD (ID,FIELD_CLASS_ID,CODE,NAME,FLAG) values (2012100502,20121005,'100502','针灸推拿学','K');
Insert into EA.FIELD (ID,FIELD_CLASS_ID,CODE,NAME,FLAG) values (2012100503,20121005,'100503','藏医学','K');
Insert into EA.FIELD (ID,FIELD_CLASS_ID,CODE,NAME,FLAG) values (2012100504,20121005,'100504','蒙医学','K');
Insert into EA.FIELD (ID,FIELD_CLASS_ID,CODE,NAME,FLAG) values (2012100505,20121005,'100505','维医学','K');
Insert into EA.FIELD (ID,FIELD_CLASS_ID,CODE,NAME,FLAG) values (2012100506,20121005,'100506','壮医学','K');
Insert into EA.FIELD (ID,FIELD_CLASS_ID,CODE,NAME,FLAG) values (2012100507,20121005,'100507','哈医学','K');
Insert into EA.FIELD (ID,FIELD_CLASS_ID,CODE,NAME,FLAG) values (2012100601,20121006,'100601','中西医临床医学','K');
Insert into EA.FIELD (ID,FIELD_CLASS_ID,CODE,NAME,FLAG) values (2012100701,20121007,'100701','药学',null);
Insert into EA.FIELD (ID,FIELD_CLASS_ID,CODE,NAME,FLAG) values (2012100702,20121007,'100702','药物制剂',null);
Insert into EA.FIELD (ID,FIELD_CLASS_ID,CODE,NAME,FLAG) values (2012100703,20121007,'100703','临床药学','TK');
Insert into EA.FIELD (ID,FIELD_CLASS_ID,CODE,NAME,FLAG) values (2012100704,20121007,'100704','药事管理','T');
Insert into EA.FIELD (ID,FIELD_CLASS_ID,CODE,NAME,FLAG) values (2012100705,20121007,'100705','药物分析','T');
Insert into EA.FIELD (ID,FIELD_CLASS_ID,CODE,NAME,FLAG) values (2012100706,20121007,'100706','药物化学','T');
Insert into EA.FIELD (ID,FIELD_CLASS_ID,CODE,NAME,FLAG) values (2012100707,20121007,'100707','海洋药学','T');
Insert into EA.FIELD (ID,FIELD_CLASS_ID,CODE,NAME,FLAG) values (2012100801,20121008,'100801','中药学',null);
Insert into EA.FIELD (ID,FIELD_CLASS_ID,CODE,NAME,FLAG) values (2012100802,20121008,'100802','中药资源与开发',null);
Insert into EA.FIELD (ID,FIELD_CLASS_ID,CODE,NAME,FLAG) values (2012100803,20121008,'100803','藏药学','T');
Insert into EA.FIELD (ID,FIELD_CLASS_ID,CODE,NAME,FLAG) values (2012100804,20121008,'100804','蒙药学','T');
Insert into EA.FIELD (ID,FIELD_CLASS_ID,CODE,NAME,FLAG) values (2012100805,20121008,'100805','中药制药','T');
Insert into EA.FIELD (ID,FIELD_CLASS_ID,CODE,NAME,FLAG) values (2012100806,20121008,'100806','中草药栽培与鉴定','T');
Insert into EA.FIELD (ID,FIELD_CLASS_ID,CODE,NAME,FLAG) values (2012100901,20121009,'100901','法医学','K');
Insert into EA.FIELD (ID,FIELD_CLASS_ID,CODE,NAME,FLAG) values (2012101001,20121010,'101001','医学检验技术',null);
Insert into EA.FIELD (ID,FIELD_CLASS_ID,CODE,NAME,FLAG) values (2012101002,20121010,'101002','医学实验技术',null);
Insert into EA.FIELD (ID,FIELD_CLASS_ID,CODE,NAME,FLAG) values (2012101003,20121010,'101003','医学影像技术',null);
Insert into EA.FIELD (ID,FIELD_CLASS_ID,CODE,NAME,FLAG) values (2012101004,20121010,'101004','眼视光学',null);
Insert into EA.FIELD (ID,FIELD_CLASS_ID,CODE,NAME,FLAG) values (2012101005,20121010,'101005','康复治疗学',null);
Insert into EA.FIELD (ID,FIELD_CLASS_ID,CODE,NAME,FLAG) values (2012101006,20121010,'101006','口腔医学技术',null);
Insert into EA.FIELD (ID,FIELD_CLASS_ID,CODE,NAME,FLAG) values (1998010101,19980101,'010101','哲学',null);
Insert into EA.FIELD (ID,FIELD_CLASS_ID,CODE,NAME,FLAG) values (1998010102,19980101,'010102','逻辑学','*');
Insert into EA.FIELD (ID,FIELD_CLASS_ID,CODE,NAME,FLAG) values (1998010103,19980101,'010103','宗教学','*');
Insert into EA.FIELD (ID,FIELD_CLASS_ID,CODE,NAME,FLAG) values (1998010104,19980101,'010104','伦理学','W');
Insert into EA.FIELD (ID,FIELD_CLASS_ID,CODE,NAME,FLAG) values (1998020101,19980201,'020101','经济学',null);
Insert into EA.FIELD (ID,FIELD_CLASS_ID,CODE,NAME,FLAG) values (1998020102,19980201,'020102','国际经济与贸易',null);
Insert into EA.FIELD (ID,FIELD_CLASS_ID,CODE,NAME,FLAG) values (1998020103,19980201,'020103','财政学',null);
Insert into EA.FIELD (ID,FIELD_CLASS_ID,CODE,NAME,FLAG) values (1998020104,19980201,'020104','金融学',null);
Insert into EA.FIELD (ID,FIELD_CLASS_ID,CODE,NAME,FLAG) values (1998020105,19980201,'020105','国民经济管理','W');
Insert into EA.FIELD (ID,FIELD_CLASS_ID,CODE,NAME,FLAG) values (1998020106,19980201,'020106','贸易经济','W');
Insert into EA.FIELD (ID,FIELD_CLASS_ID,CODE,NAME,FLAG) values (1998020107,19980201,'020107','保险','W');
Insert into EA.FIELD (ID,FIELD_CLASS_ID,CODE,NAME,FLAG) values (1998020109,19980201,'020109','金融工程','W');
Insert into EA.FIELD (ID,FIELD_CLASS_ID,CODE,NAME,FLAG) values (1998020110,19980201,'020110','税务','W');
Insert into EA.FIELD (ID,FIELD_CLASS_ID,CODE,NAME,FLAG) values (1998020111,19980201,'020111','信用管理','W');
Insert into EA.FIELD (ID,FIELD_CLASS_ID,CODE,NAME,FLAG) values (1998020112,19980201,'020112','网络经济学','W');
Insert into EA.FIELD (ID,FIELD_CLASS_ID,CODE,NAME,FLAG) values (1998020113,19980201,'020113','体育经济','W');
Insert into EA.FIELD (ID,FIELD_CLASS_ID,CODE,NAME,FLAG) values (1998020114,19980201,'020114','投资学','W');
Insert into EA.FIELD (ID,FIELD_CLASS_ID,CODE,NAME,FLAG) values (1998020115,19980201,'020115','环境资源与发展经济学','W');
Insert into EA.FIELD (ID,FIELD_CLASS_ID,CODE,NAME,FLAG) values (1998020116,19980201,'020116','海洋经济学','S');
Insert into EA.FIELD (ID,FIELD_CLASS_ID,CODE,NAME,FLAG) values (1998020117,19980201,'020117','国际文化贸易','S');
Insert into EA.FIELD (ID,FIELD_CLASS_ID,CODE,NAME,FLAG) values (1998020120,19980201,'020120','经济与金融','S');
Insert into EA.FIELD (ID,FIELD_CLASS_ID,CODE,NAME,FLAG) values (1998030101,19980301,'030101','法学',null);
Insert into EA.FIELD (ID,FIELD_CLASS_ID,CODE,NAME,FLAG) values (1998030103,19980301,'030103','知识产权','S');
Insert into EA.FIELD (ID,FIELD_CLASS_ID,CODE,NAME,FLAG) values (1998030120,19980301,'030120','监狱学','W');
Insert into EA.FIELD (ID,FIELD_CLASS_ID,CODE,NAME,FLAG) values (1998030201,19980302,'030201','科学社会主义与国际共产主义运动','*');
Insert into EA.FIELD (ID,FIELD_CLASS_ID,CODE,NAME,FLAG) values (1998030202,19980302,'030202','中国革命史与中国共产党党史','*');
Insert into EA.FIELD (ID,FIELD_CLASS_ID,CODE,NAME,FLAG) values (1998030301,19980303,'030301','社会学','*');
Insert into EA.FIELD (ID,FIELD_CLASS_ID,CODE,NAME,FLAG) values (1998030302,19980303,'030302','社会工作',null);
Insert into EA.FIELD (ID,FIELD_CLASS_ID,CODE,NAME,FLAG) values (1998030303,19980303,'030303','家政学','W');
Insert into EA.FIELD (ID,FIELD_CLASS_ID,CODE,NAME,FLAG) values (1998030304,19980303,'030304','人类学','W');
Insert into EA.FIELD (ID,FIELD_CLASS_ID,CODE,NAME,FLAG) values (1998030305,19980303,'030305','女性学','S');
Insert into EA.FIELD (ID,FIELD_CLASS_ID,CODE,NAME,FLAG) values (1998030401,19980304,'030401','政治学与行政学',null);
Insert into EA.FIELD (ID,FIELD_CLASS_ID,CODE,NAME,FLAG) values (1998030402,19980304,'030402','国际政治',null);
Insert into EA.FIELD (ID,FIELD_CLASS_ID,CODE,NAME,FLAG) values (1998030403,19980304,'030403','外交学','*');
Insert into EA.FIELD (ID,FIELD_CLASS_ID,CODE,NAME,FLAG) values (1998030404,19980304,'030404','思想政治教育',null);
Insert into EA.FIELD (ID,FIELD_CLASS_ID,CODE,NAME,FLAG) values (1998030405,19980304,'030405','国际文化交流','W');
Insert into EA.FIELD (ID,FIELD_CLASS_ID,CODE,NAME,FLAG) values (1998030406,19980304,'030406','国际政治经济学','W');
Insert into EA.FIELD (ID,FIELD_CLASS_ID,CODE,NAME,FLAG) values (1998030407,19980304,'030407','国际事务','S');
Insert into EA.FIELD (ID,FIELD_CLASS_ID,CODE,NAME,FLAG) values (1998030501,19980305,'030501','治安学',null);
Insert into EA.FIELD (ID,FIELD_CLASS_ID,CODE,NAME,FLAG) values (1998030502,19980305,'030502','侦查学',null);
Insert into EA.FIELD (ID,FIELD_CLASS_ID,CODE,NAME,FLAG) values (1998030503,19980305,'030503','边防管理',null);
Insert into EA.FIELD (ID,FIELD_CLASS_ID,CODE,NAME,FLAG) values (1998030504,19980305,'030504','火灾勘查','W');
Insert into EA.FIELD (ID,FIELD_CLASS_ID,CODE,NAME,FLAG) values (1998030505,19980305,'030505','禁毒学','W');
Insert into EA.FIELD (ID,FIELD_CLASS_ID,CODE,NAME,FLAG) values (1998030506,19980305,'030506','警犬技术','W');
Insert into EA.FIELD (ID,FIELD_CLASS_ID,CODE,NAME,FLAG) values (1998030507,19980305,'030507','经济犯罪侦查','W');
Insert into EA.FIELD (ID,FIELD_CLASS_ID,CODE,NAME,FLAG) values (1998030508,19980305,'030508','边防指挥','W');
Insert into EA.FIELD (ID,FIELD_CLASS_ID,CODE,NAME,FLAG) values (1998030509,19980305,'030509','消防指挥','W');
Insert into EA.FIELD (ID,FIELD_CLASS_ID,CODE,NAME,FLAG) values (1998030510,19980305,'030510','警卫学','W');
Insert into EA.FIELD (ID,FIELD_CLASS_ID,CODE,NAME,FLAG) values (1998030511,19980305,'030511','公安情报学','S');
Insert into EA.FIELD (ID,FIELD_CLASS_ID,CODE,NAME,FLAG) values (1998030512,19980305,'030512','犯罪学','S');
Insert into EA.FIELD (ID,FIELD_CLASS_ID,CODE,NAME,FLAG) values (1998030513,19980305,'030513','公安管理学','S');
Insert into EA.FIELD (ID,FIELD_CLASS_ID,CODE,NAME,FLAG) values (1998030514,19980305,'030514','涉外警务','S');
Insert into EA.FIELD (ID,FIELD_CLASS_ID,CODE,NAME,FLAG) values (1998040101,19980401,'040101','教育学',null);
Insert into EA.FIELD (ID,FIELD_CLASS_ID,CODE,NAME,FLAG) values (1998040102,19980401,'040102','学前教育',null);
Insert into EA.FIELD (ID,FIELD_CLASS_ID,CODE,NAME,FLAG) values (1998040103,19980401,'040103','初等教育','*');
Insert into EA.FIELD (ID,FIELD_CLASS_ID,CODE,NAME,FLAG) values (1998040104,19980401,'040104','特殊教育',null);
Insert into EA.FIELD (ID,FIELD_CLASS_ID,CODE,NAME,FLAG) values (1998040105,19980401,'040105','教育技术学',null);
Insert into EA.FIELD (ID,FIELD_CLASS_ID,CODE,NAME,FLAG) values (1998040106,19980401,'040106','艺术教育','W');
Insert into EA.FIELD (ID,FIELD_CLASS_ID,CODE,NAME,FLAG) values (1998040107,19980401,'040107','人文教育','W');
Insert into EA.FIELD (ID,FIELD_CLASS_ID,CODE,NAME,FLAG) values (1998040108,19980401,'040108','科学教育','W');
Insert into EA.FIELD (ID,FIELD_CLASS_ID,CODE,NAME,FLAG) values (1998040109,19980401,'040109','言语听觉科学','S');
Insert into EA.FIELD (ID,FIELD_CLASS_ID,CODE,NAME,FLAG) values (1998040110,19980401,'040110','华文教育','S');
Insert into EA.FIELD (ID,FIELD_CLASS_ID,CODE,NAME,FLAG) values (1998040111,19980401,'040105','小学教育','W');
Insert into EA.FIELD (ID,FIELD_CLASS_ID,CODE,NAME,FLAG) values (1998040201,19980402,'040201','体育教育',null);
Insert into EA.FIELD (ID,FIELD_CLASS_ID,CODE,NAME,FLAG) values (1998040202,19980402,'040202','运动训练','*');
Insert into EA.FIELD (ID,FIELD_CLASS_ID,CODE,NAME,FLAG) values (1998040203,19980402,'040203','社会体育',null);
Insert into EA.FIELD (ID,FIELD_CLASS_ID,CODE,NAME,FLAG) values (1998040204,19980402,'040204','运动人体科学','*');
Insert into EA.FIELD (ID,FIELD_CLASS_ID,CODE,NAME,FLAG) values (1998040205,19980402,'040205','民族传统体育','*');
Insert into EA.FIELD (ID,FIELD_CLASS_ID,CODE,NAME,FLAG) values (1998040206,19980402,'040206','运动康复与健康','S');
Insert into EA.FIELD (ID,FIELD_CLASS_ID,CODE,NAME,FLAG) values (1998040207,19980402,'040207','休闲体育','S');
Insert into EA.FIELD (ID,FIELD_CLASS_ID,CODE,NAME,FLAG) values (1998040301,19980403,'040301','农艺教育','W');
Insert into EA.FIELD (ID,FIELD_CLASS_ID,CODE,NAME,FLAG) values (1998040302,19980403,'040302','园艺教育','W');
Insert into EA.FIELD (ID,FIELD_CLASS_ID,CODE,NAME,FLAG) values (1998040303,19980403,'040303','特用作物教育','W');
Insert into EA.FIELD (ID,FIELD_CLASS_ID,CODE,NAME,FLAG) values (1998040306,19980403,'040306','畜禽生产教育','W');
Insert into EA.FIELD (ID,FIELD_CLASS_ID,CODE,NAME,FLAG) values (1998040307,19980403,'040307','水产养殖教育','W');
Insert into EA.FIELD (ID,FIELD_CLASS_ID,CODE,NAME,FLAG) values (1998040308,19980403,'040308','应用生物教育','W');
Insert into EA.FIELD (ID,FIELD_CLASS_ID,CODE,NAME,FLAG) values (1998040311,19980403,'040311','农产品储运与加工教育','W');
Insert into EA.FIELD (ID,FIELD_CLASS_ID,CODE,NAME,FLAG) values (1998040312,19980403,'040312','农业经营管理教育','W');
Insert into EA.FIELD (ID,FIELD_CLASS_ID,CODE,NAME,FLAG) values (1998040313,19980403,'040313','机械制造工艺教育','W');
Insert into EA.FIELD (ID,FIELD_CLASS_ID,CODE,NAME,FLAG) values (1998040314,19980403,'040314','机械维修及检测技术教育','W');
Insert into EA.FIELD (ID,FIELD_CLASS_ID,CODE,NAME,FLAG) values (1998040315,19980403,'040315','机电技术教育','W');
Insert into EA.FIELD (ID,FIELD_CLASS_ID,CODE,NAME,FLAG) values (1998040316,19980403,'040316','电气技术教育','W');
Insert into EA.FIELD (ID,FIELD_CLASS_ID,CODE,NAME,FLAG) values (1998040317,19980403,'040317','汽车维修工程教育','W');
Insert into EA.FIELD (ID,FIELD_CLASS_ID,CODE,NAME,FLAG) values (1998040318,19980403,'040318','应用电子技术教育','W');
Insert into EA.FIELD (ID,FIELD_CLASS_ID,CODE,NAME,FLAG) values (1998040322,19980403,'040322','食品工艺教育','W');
Insert into EA.FIELD (ID,FIELD_CLASS_ID,CODE,NAME,FLAG) values (1998040328,19980403,'040328','建筑工程教育','W');
Insert into EA.FIELD (ID,FIELD_CLASS_ID,CODE,NAME,FLAG) values (1998040329,19980403,'040329','服装设计与工艺教育','W');
Insert into EA.FIELD (ID,FIELD_CLASS_ID,CODE,NAME,FLAG) values (1998040330,19980403,'040330','装潢设计与工艺教育','W');
Insert into EA.FIELD (ID,FIELD_CLASS_ID,CODE,NAME,FLAG) values (1998040331,19980403,'040331','旅游管理与服务教育','W');
Insert into EA.FIELD (ID,FIELD_CLASS_ID,CODE,NAME,FLAG) values (1998040332,19980403,'040332','食品营养与检验教育','W');
Insert into EA.FIELD (ID,FIELD_CLASS_ID,CODE,NAME,FLAG) values (1998040333,19980403,'040333','烹饪与营养教育','W');
Insert into EA.FIELD (ID,FIELD_CLASS_ID,CODE,NAME,FLAG) values (1998040334,19980403,'040334','财务会计教育','W');
Insert into EA.FIELD (ID,FIELD_CLASS_ID,CODE,NAME,FLAG) values (1998040335,19980403,'040335','文秘教育','W');
Insert into EA.FIELD (ID,FIELD_CLASS_ID,CODE,NAME,FLAG) values (1998040336,19980403,'040336','市场营销教育','W');
Insert into EA.FIELD (ID,FIELD_CLASS_ID,CODE,NAME,FLAG) values (1998040337,19980403,'040337','职业技术教育管理','W');
Insert into EA.FIELD (ID,FIELD_CLASS_ID,CODE,NAME,FLAG) values (1998050101,19980501,'050101','汉语言文学',null);
Insert into EA.FIELD (ID,FIELD_CLASS_ID,CODE,NAME,FLAG) values (1998050102,19980501,'050102','汉语言',null);
Insert into EA.FIELD (ID,FIELD_CLASS_ID,CODE,NAME,FLAG) values (1998050103,19980501,'050103','对外汉语','*');
Insert into EA.FIELD (ID,FIELD_CLASS_ID,CODE,NAME,FLAG) values (1998050104,19980501,'050104','中国少数民族语言文学',null);
Insert into EA.FIELD (ID,FIELD_CLASS_ID,CODE,NAME,FLAG) values (1998050105,19980501,'050105','古典文献','*');
Insert into EA.FIELD (ID,FIELD_CLASS_ID,CODE,NAME,FLAG) values (1998050106,19980501,'050106','中国语言文化','W');
Insert into EA.FIELD (ID,FIELD_CLASS_ID,CODE,NAME,FLAG) values (1998050107,19980501,'050107','应用语言学','W');
Insert into EA.FIELD (ID,FIELD_CLASS_ID,CODE,NAME,FLAG) values (1998050201,19980502,'050201','英语',null);
Insert into EA.FIELD (ID,FIELD_CLASS_ID,CODE,NAME,FLAG) values (1998050202,19980502,'050202','俄语',null);
Insert into EA.FIELD (ID,FIELD_CLASS_ID,CODE,NAME,FLAG) values (1998050203,19980502,'050203','德语','*');
Insert into EA.FIELD (ID,FIELD_CLASS_ID,CODE,NAME,FLAG) values (1998050204,19980502,'050204','法语','*');
Insert into EA.FIELD (ID,FIELD_CLASS_ID,CODE,NAME,FLAG) values (1998050205,19980502,'050205','西班牙语','*');
Insert into EA.FIELD (ID,FIELD_CLASS_ID,CODE,NAME,FLAG) values (1998050206,19980502,'050206','阿拉伯语','*');
Insert into EA.FIELD (ID,FIELD_CLASS_ID,CODE,NAME,FLAG) values (1998050207,19980502,'050207','日语',null);
Insert into EA.FIELD (ID,FIELD_CLASS_ID,CODE,NAME,FLAG) values (1998050208,19980502,'050208','波斯语','△');
Insert into EA.FIELD (ID,FIELD_CLASS_ID,CODE,NAME,FLAG) values (1998050209,19980502,'050209','朝鲜语','*');
Insert into EA.FIELD (ID,FIELD_CLASS_ID,CODE,NAME,FLAG) values (1998050210,19980502,'050210','菲律宾语','△');
Insert into EA.FIELD (ID,FIELD_CLASS_ID,CODE,NAME,FLAG) values (1998050211,19980502,'050211','梵语巴利语   ','△');
Insert into EA.FIELD (ID,FIELD_CLASS_ID,CODE,NAME,FLAG) values (1998050212,19980502,'050212','印度尼西亚语   ','△');
Insert into EA.FIELD (ID,FIELD_CLASS_ID,CODE,NAME,FLAG) values (1998050213,19980502,'050213','印地语','△');
Insert into EA.FIELD (ID,FIELD_CLASS_ID,CODE,NAME,FLAG) values (1998050214,19980502,'050214','柬埔寨语','△');
Insert into EA.FIELD (ID,FIELD_CLASS_ID,CODE,NAME,FLAG) values (1998050215,19980502,'050215','老挝语','△');
Insert into EA.FIELD (ID,FIELD_CLASS_ID,CODE,NAME,FLAG) values (1998050216,19980502,'050216','缅甸语','△');
Insert into EA.FIELD (ID,FIELD_CLASS_ID,CODE,NAME,FLAG) values (1998050217,19980502,'050217','马来语','△');
Insert into EA.FIELD (ID,FIELD_CLASS_ID,CODE,NAME,FLAG) values (1998050218,19980502,'050218','蒙古语','△');
Insert into EA.FIELD (ID,FIELD_CLASS_ID,CODE,NAME,FLAG) values (1998050219,19980502,'050219','僧加罗语','△');
Insert into EA.FIELD (ID,FIELD_CLASS_ID,CODE,NAME,FLAG) values (1998050220,19980502,'050220','泰语','*');
Insert into EA.FIELD (ID,FIELD_CLASS_ID,CODE,NAME,FLAG) values (1998050221,19980502,'050221','乌尔都语','△');
Insert into EA.FIELD (ID,FIELD_CLASS_ID,CODE,NAME,FLAG) values (1998050222,19980502,'050222','希伯莱语','△');
Insert into EA.FIELD (ID,FIELD_CLASS_ID,CODE,NAME,FLAG) values (1998050223,19980502,'050223','越南语','*');
Insert into EA.FIELD (ID,FIELD_CLASS_ID,CODE,NAME,FLAG) values (1998050224,19980502,'050224','豪萨语','△');
Insert into EA.FIELD (ID,FIELD_CLASS_ID,CODE,NAME,FLAG) values (1998050225,19980502,'050225','斯瓦希里语   ','△');
Insert into EA.FIELD (ID,FIELD_CLASS_ID,CODE,NAME,FLAG) values (1998050226,19980502,'050226','阿尔巴尼亚语','△');
Insert into EA.FIELD (ID,FIELD_CLASS_ID,CODE,NAME,FLAG) values (1998050227,19980502,'050227','保加利亚语   ','△');
Insert into EA.FIELD (ID,FIELD_CLASS_ID,CODE,NAME,FLAG) values (1998050228,19980502,'050228','波兰语','△');
Insert into EA.FIELD (ID,FIELD_CLASS_ID,CODE,NAME,FLAG) values (1998050229,19980502,'050229','捷克语','△');
Insert into EA.FIELD (ID,FIELD_CLASS_ID,CODE,NAME,FLAG) values (1998050230,19980502,'050230','罗马尼亚语   ','△');
Insert into EA.FIELD (ID,FIELD_CLASS_ID,CODE,NAME,FLAG) values (1998050231,19980502,'050231','葡萄牙语','*');
Insert into EA.FIELD (ID,FIELD_CLASS_ID,CODE,NAME,FLAG) values (1998050232,19980502,'050232','瑞典语','△');
Insert into EA.FIELD (ID,FIELD_CLASS_ID,CODE,NAME,FLAG) values (1998050233,19980502,'050233','塞尔维亚—克罗地亚语  ','△');
Insert into EA.FIELD (ID,FIELD_CLASS_ID,CODE,NAME,FLAG) values (1998050234,19980502,'050234','土耳其语','△');
Insert into EA.FIELD (ID,FIELD_CLASS_ID,CODE,NAME,FLAG) values (1998050235,19980502,'050235','希腊语','△');
Insert into EA.FIELD (ID,FIELD_CLASS_ID,CODE,NAME,FLAG) values (1998050236,19980502,'050236','匈牙利语','△');
Insert into EA.FIELD (ID,FIELD_CLASS_ID,CODE,NAME,FLAG) values (1998050237,19980502,'050237','意大利语','*');
Insert into EA.FIELD (ID,FIELD_CLASS_ID,CODE,NAME,FLAG) values (1998050238,19980502,'050238','捷克语—斯洛伐克语','W');
Insert into EA.FIELD (ID,FIELD_CLASS_ID,CODE,NAME,FLAG) values (1998050239,19980502,'050239','泰米尔语','W');
Insert into EA.FIELD (ID,FIELD_CLASS_ID,CODE,NAME,FLAG) values (1998050240,19980502,'050240','普什图语','W');
Insert into EA.FIELD (ID,FIELD_CLASS_ID,CODE,NAME,FLAG) values (1998050241,19980502,'050241','世界语','W');
Insert into EA.FIELD (ID,FIELD_CLASS_ID,CODE,NAME,FLAG) values (1998050242,19980502,'050242','孟加拉语','W');
Insert into EA.FIELD (ID,FIELD_CLASS_ID,CODE,NAME,FLAG) values (1998050243,19980502,'050243','尼泊尔语','W');
Insert into EA.FIELD (ID,FIELD_CLASS_ID,CODE,NAME,FLAG) values (1998050245,19980502,'050245','荷兰语','W');
Insert into EA.FIELD (ID,FIELD_CLASS_ID,CODE,NAME,FLAG) values (1998050246,19980502,'050246','芬兰语','W');
Insert into EA.FIELD (ID,FIELD_CLASS_ID,CODE,NAME,FLAG) values (1998050247,19980502,'050247','乌克兰语','W');
Insert into EA.FIELD (ID,FIELD_CLASS_ID,CODE,NAME,FLAG) values (1998050248,19980502,'050248','韩国语','W');
Insert into EA.FIELD (ID,FIELD_CLASS_ID,CODE,NAME,FLAG) values (1998050249,19980502,'050249','商务英语','S');
Insert into EA.FIELD (ID,FIELD_CLASS_ID,CODE,NAME,FLAG) values (1998050250,19980502,'050250','塞尔维亚语','W');
Insert into EA.FIELD (ID,FIELD_CLASS_ID,CODE,NAME,FLAG) values (1998050251,19980502,'050251','克罗地亚语','W');
Insert into EA.FIELD (ID,FIELD_CLASS_ID,CODE,NAME,FLAG) values (1998050252,19980502,'050252','挪威语','W');
Insert into EA.FIELD (ID,FIELD_CLASS_ID,CODE,NAME,FLAG) values (1998050253,19980502,'050253','丹麦语','W');
Insert into EA.FIELD (ID,FIELD_CLASS_ID,CODE,NAME,FLAG) values (1998050254,19980502,'050254','冰岛语','W');
Insert into EA.FIELD (ID,FIELD_CLASS_ID,CODE,NAME,FLAG) values (1998050255,19980502,'050255','翻译','S');
Insert into EA.FIELD (ID,FIELD_CLASS_ID,CODE,NAME,FLAG) values (1998050301,19980503,'050301','新闻学','*');
Insert into EA.FIELD (ID,FIELD_CLASS_ID,CODE,NAME,FLAG) values (1998050302,19980503,'050302','广播电视新闻学',null);
Insert into EA.FIELD (ID,FIELD_CLASS_ID,CODE,NAME,FLAG) values (1998050303,19980503,'050303','广告学',null);
Insert into EA.FIELD (ID,FIELD_CLASS_ID,CODE,NAME,FLAG) values (1998050304,19980503,'050304','编辑出版学',null);
Insert into EA.FIELD (ID,FIELD_CLASS_ID,CODE,NAME,FLAG) values (1998050305,19980503,'050305','传播学','W');
Insert into EA.FIELD (ID,FIELD_CLASS_ID,CODE,NAME,FLAG) values (1998050306,19980503,'050306','媒体创意','W');
Insert into EA.FIELD (ID,FIELD_CLASS_ID,CODE,NAME,FLAG) values (1998050401,19980504,'050401','音乐学',null);
Insert into EA.FIELD (ID,FIELD_CLASS_ID,CODE,NAME,FLAG) values (1998050402,19980504,'050402','作曲与作曲技术理论',null);
Insert into EA.FIELD (ID,FIELD_CLASS_ID,CODE,NAME,FLAG) values (1998050403,19980504,'050403','音乐表演',null);
Insert into EA.FIELD (ID,FIELD_CLASS_ID,CODE,NAME,FLAG) values (1998050404,19980504,'050404','绘画',null);
Insert into EA.FIELD (ID,FIELD_CLASS_ID,CODE,NAME,FLAG) values (1998050405,19980504,'050405','雕塑',null);
Insert into EA.FIELD (ID,FIELD_CLASS_ID,CODE,NAME,FLAG) values (1998050406,19980504,'050406','美术学',null);
Insert into EA.FIELD (ID,FIELD_CLASS_ID,CODE,NAME,FLAG) values (1998050407,19980504,'050407','艺术设计学',null);
Insert into EA.FIELD (ID,FIELD_CLASS_ID,CODE,NAME,FLAG) values (1998050408,19980504,'050408','艺术设计',null);
Insert into EA.FIELD (ID,FIELD_CLASS_ID,CODE,NAME,FLAG) values (1998050409,19980504,'050409','舞蹈学',null);
Insert into EA.FIELD (ID,FIELD_CLASS_ID,CODE,NAME,FLAG) values (1998050410,19980504,'050410','舞蹈编导',null);
Insert into EA.FIELD (ID,FIELD_CLASS_ID,CODE,NAME,FLAG) values (1998050411,19980504,'050411','戏剧学',null);
Insert into EA.FIELD (ID,FIELD_CLASS_ID,CODE,NAME,FLAG) values (1998050412,19980504,'050412','表演',null);
Insert into EA.FIELD (ID,FIELD_CLASS_ID,CODE,NAME,FLAG) values (1998050413,19980504,'050413','导演',null);
Insert into EA.FIELD (ID,FIELD_CLASS_ID,CODE,NAME,FLAG) values (1998050414,19980504,'050414','戏剧影视文学',null);
Insert into EA.FIELD (ID,FIELD_CLASS_ID,CODE,NAME,FLAG) values (1998050415,19980504,'050415','戏剧影视美术设计',null);
Insert into EA.FIELD (ID,FIELD_CLASS_ID,CODE,NAME,FLAG) values (1998050416,19980504,'050416','摄影',null);
Insert into EA.FIELD (ID,FIELD_CLASS_ID,CODE,NAME,FLAG) values (1998050417,19980504,'050417','录音艺术',null);
Insert into EA.FIELD (ID,FIELD_CLASS_ID,CODE,NAME,FLAG) values (1998050418,19980504,'050418','动画',null);
Insert into EA.FIELD (ID,FIELD_CLASS_ID,CODE,NAME,FLAG) values (1998050419,19980504,'050419','播音与主持艺术','*');
Insert into EA.FIELD (ID,FIELD_CLASS_ID,CODE,NAME,FLAG) values (1998050420,19980504,'050420','广播电视编导',null);
Insert into EA.FIELD (ID,FIELD_CLASS_ID,CODE,NAME,FLAG) values (1998050422,19980504,'050422','艺术学','W');
Insert into EA.FIELD (ID,FIELD_CLASS_ID,CODE,NAME,FLAG) values (1998050423,19980504,'050423','影视学','W');
Insert into EA.FIELD (ID,FIELD_CLASS_ID,CODE,NAME,FLAG) values (1998050424,19980504,'050424','广播影视编导','S');
Insert into EA.FIELD (ID,FIELD_CLASS_ID,CODE,NAME,FLAG) values (1998050425,19980504,'050425','书法学','S');
Insert into EA.FIELD (ID,FIELD_CLASS_ID,CODE,NAME,FLAG) values (1998050426,19980504,'050426','照明艺术','S');
Insert into EA.FIELD (ID,FIELD_CLASS_ID,CODE,NAME,FLAG) values (1998050427,19980504,'050427','会展艺术与技术','S');
Insert into EA.FIELD (ID,FIELD_CLASS_ID,CODE,NAME,FLAG) values (1998050428,19980504,'050428','音乐科技与艺术','S');
Insert into EA.FIELD (ID,FIELD_CLASS_ID,CODE,NAME,FLAG) values (1998050429,19980504,'050429','中国画','S');
Insert into EA.FIELD (ID,FIELD_CLASS_ID,CODE,NAME,FLAG) values (1998050430,19980504,'050430','公共艺术','S');
Insert into EA.FIELD (ID,FIELD_CLASS_ID,CODE,NAME,FLAG) values (1998060101,19980601,'060101','历史学',null);
Insert into EA.FIELD (ID,FIELD_CLASS_ID,CODE,NAME,FLAG) values (1998060102,19980601,'060102','世界历史','*');
Insert into EA.FIELD (ID,FIELD_CLASS_ID,CODE,NAME,FLAG) values (1998060103,19980601,'060103','考古学',null);
Insert into EA.FIELD (ID,FIELD_CLASS_ID,CODE,NAME,FLAG) values (1998060104,19980601,'060104','博物馆学',null);
Insert into EA.FIELD (ID,FIELD_CLASS_ID,CODE,NAME,FLAG) values (1998060105,19980601,'060105','民族学','*');
Insert into EA.FIELD (ID,FIELD_CLASS_ID,CODE,NAME,FLAG) values (1998060106,19980601,'060106','文物保护技术','W');
Insert into EA.FIELD (ID,FIELD_CLASS_ID,CODE,NAME,FLAG) values (1998070101,19980701,'070101','数学与应用数学',null);
Insert into EA.FIELD (ID,FIELD_CLASS_ID,CODE,NAME,FLAG) values (1998070102,19980701,'070102','信息与计算科学',null);
Insert into EA.FIELD (ID,FIELD_CLASS_ID,CODE,NAME,FLAG) values (1998070103,19980701,'070103','数理基础科学','S');
Insert into EA.FIELD (ID,FIELD_CLASS_ID,CODE,NAME,FLAG) values (1998070201,19980702,'070201','物理学',null);
Insert into EA.FIELD (ID,FIELD_CLASS_ID,CODE,NAME,FLAG) values (1998070202,19980702,'070202','应用物理学',null);
Insert into EA.FIELD (ID,FIELD_CLASS_ID,CODE,NAME,FLAG) values (1998070203,19980702,'070203','声学','W');
Insert into EA.FIELD (ID,FIELD_CLASS_ID,CODE,NAME,FLAG) values (1998070204,19980702,'070204','核物理','S');
Insert into EA.FIELD (ID,FIELD_CLASS_ID,CODE,NAME,FLAG) values (1998070301,19980703,'070301','化学',null);
Insert into EA.FIELD (ID,FIELD_CLASS_ID,CODE,NAME,FLAG) values (1998070302,19980703,'070302','应用化学',null);
Insert into EA.FIELD (ID,FIELD_CLASS_ID,CODE,NAME,FLAG) values (1998070303,19980703,'070303','化学生物学','W');
Insert into EA.FIELD (ID,FIELD_CLASS_ID,CODE,NAME,FLAG) values (1998070304,19980703,'070304','分子科学与工程','W');
Insert into EA.FIELD (ID,FIELD_CLASS_ID,CODE,NAME,FLAG) values (1998070401,19980704,'070401','生物科学',null);
Insert into EA.FIELD (ID,FIELD_CLASS_ID,CODE,NAME,FLAG) values (1998070402,19980704,'070402','生物技术',null);
Insert into EA.FIELD (ID,FIELD_CLASS_ID,CODE,NAME,FLAG) values (1998070403,19980704,'070403','生物信息学','W');
Insert into EA.FIELD (ID,FIELD_CLASS_ID,CODE,NAME,FLAG) values (1998070404,19980704,'070404','生物信息技术','W');
Insert into EA.FIELD (ID,FIELD_CLASS_ID,CODE,NAME,FLAG) values (1998070405,19980704,'070405','生物科学与生物技术','W');
Insert into EA.FIELD (ID,FIELD_CLASS_ID,CODE,NAME,FLAG) values (1998070406,19980704,'070406','动植物检疫','W');
Insert into EA.FIELD (ID,FIELD_CLASS_ID,CODE,NAME,FLAG) values (1998070407,19980704,'070407','生物化学与分子生物学','W');
Insert into EA.FIELD (ID,FIELD_CLASS_ID,CODE,NAME,FLAG) values (1998070408,19980704,'070408','医学信息学','W');
Insert into EA.FIELD (ID,FIELD_CLASS_ID,CODE,NAME,FLAG) values (1998070409,19980704,'070409','植物生物技术','W');
Insert into EA.FIELD (ID,FIELD_CLASS_ID,CODE,NAME,FLAG) values (1998070410,19980704,'070410','动物生物技术','W');
Insert into EA.FIELD (ID,FIELD_CLASS_ID,CODE,NAME,FLAG) values (1998070411,19980704,'070411','生物资源科学','S');
Insert into EA.FIELD (ID,FIELD_CLASS_ID,CODE,NAME,FLAG) values (1998070412,19980704,'070412','生物安全','S');
Insert into EA.FIELD (ID,FIELD_CLASS_ID,CODE,NAME,FLAG) values (1998070501,19980705,'070501','天文学',null);
Insert into EA.FIELD (ID,FIELD_CLASS_ID,CODE,NAME,FLAG) values (1998070601,19980706,'070601','地质学',null);
Insert into EA.FIELD (ID,FIELD_CLASS_ID,CODE,NAME,FLAG) values (1998070602,19980706,'070602','地球化学',null);
Insert into EA.FIELD (ID,FIELD_CLASS_ID,CODE,NAME,FLAG) values (1998070701,19980707,'070701','地理科学',null);
Insert into EA.FIELD (ID,FIELD_CLASS_ID,CODE,NAME,FLAG) values (1998070702,19980707,'070702','资源环境与城乡规划管理',null);
Insert into EA.FIELD (ID,FIELD_CLASS_ID,CODE,NAME,FLAG) values (1998070703,19980707,'070703','地理信息系统',null);
Insert into EA.FIELD (ID,FIELD_CLASS_ID,CODE,NAME,FLAG) values (1998070704,19980707,'070704','地球信息科学与技术','W');
Insert into EA.FIELD (ID,FIELD_CLASS_ID,CODE,NAME,FLAG) values (1998070801,19980708,'070801','地球物理学',null);
Insert into EA.FIELD (ID,FIELD_CLASS_ID,CODE,NAME,FLAG) values (1998070802,19980708,'070802','地球与空间科学','S');
Insert into EA.FIELD (ID,FIELD_CLASS_ID,CODE,NAME,FLAG) values (1998070803,19980708,'070803','空间科学与技术','S');
Insert into EA.FIELD (ID,FIELD_CLASS_ID,CODE,NAME,FLAG) values (1998070901,19980709,'070901','大气科学',null);
Insert into EA.FIELD (ID,FIELD_CLASS_ID,CODE,NAME,FLAG) values (1998070902,19980709,'070902','应用气象学',null);
Insert into EA.FIELD (ID,FIELD_CLASS_ID,CODE,NAME,FLAG) values (1998071001,19980710,'071001','海洋科学',null);
Insert into EA.FIELD (ID,FIELD_CLASS_ID,CODE,NAME,FLAG) values (1998071002,19980710,'071002','海洋技术',null);
Insert into EA.FIELD (ID,FIELD_CLASS_ID,CODE,NAME,FLAG) values (1998071003,19980710,'071003','海洋管理','W');
Insert into EA.FIELD (ID,FIELD_CLASS_ID,CODE,NAME,FLAG) values (1998071004,19980710,'071004','军事海洋学','W');
Insert into EA.FIELD (ID,FIELD_CLASS_ID,CODE,NAME,FLAG) values (1998071005,19980710,'071005','海洋生物资源与环境','S');
Insert into EA.FIELD (ID,FIELD_CLASS_ID,CODE,NAME,FLAG) values (1998071101,19980711,'071101','理论与应用力学',null);
Insert into EA.FIELD (ID,FIELD_CLASS_ID,CODE,NAME,FLAG) values (1998071201,19980712,'071201','电子信息科学与技术',null);
Insert into EA.FIELD (ID,FIELD_CLASS_ID,CODE,NAME,FLAG) values (1998071202,19980712,'071202','微电子学',null);
Insert into EA.FIELD (ID,FIELD_CLASS_ID,CODE,NAME,FLAG) values (1998071203,19980712,'071203','光信息科学与技术','*');
Insert into EA.FIELD (ID,FIELD_CLASS_ID,CODE,NAME,FLAG) values (1998071204,19980712,'071204','科技防卫','W');
Insert into EA.FIELD (ID,FIELD_CLASS_ID,CODE,NAME,FLAG) values (1998071205,19980712,'071205','信息安全','W');
Insert into EA.FIELD (ID,FIELD_CLASS_ID,CODE,NAME,FLAG) values (1998071206,19980712,'071206','信息科学技术','W');
Insert into EA.FIELD (ID,FIELD_CLASS_ID,CODE,NAME,FLAG) values (1998071207,19980712,'071207','光电子技术科学','W');
Insert into EA.FIELD (ID,FIELD_CLASS_ID,CODE,NAME,FLAG) values (1998071301,19980713,'071301','材料物理',null);
Insert into EA.FIELD (ID,FIELD_CLASS_ID,CODE,NAME,FLAG) values (1998071302,19980713,'071302','材料化学',null);
Insert into EA.FIELD (ID,FIELD_CLASS_ID,CODE,NAME,FLAG) values (1998071401,19980714,'071401','环境科学',null);
Insert into EA.FIELD (ID,FIELD_CLASS_ID,CODE,NAME,FLAG) values (1998071402,19980714,'071402','生态学',null);
Insert into EA.FIELD (ID,FIELD_CLASS_ID,CODE,NAME,FLAG) values (1998071403,19980714,'071403','资源环境科学','W');
Insert into EA.FIELD (ID,FIELD_CLASS_ID,CODE,NAME,FLAG) values (1998071501,19980715,'071501','心理学',null);
Insert into EA.FIELD (ID,FIELD_CLASS_ID,CODE,NAME,FLAG) values (1998071502,19980715,'071502','应用心理学',null);
Insert into EA.FIELD (ID,FIELD_CLASS_ID,CODE,NAME,FLAG) values (1998071601,19980716,'071601','统计学',null);
Insert into EA.FIELD (ID,FIELD_CLASS_ID,CODE,NAME,FLAG) values (1998071701,19980717,'071701','系统理论','W');
Insert into EA.FIELD (ID,FIELD_CLASS_ID,CODE,NAME,FLAG) values (1998071702,19980717,'071702','系统科学与工程','W');
Insert into EA.FIELD (ID,FIELD_CLASS_ID,CODE,NAME,FLAG) values (1998080101,19980801,'080101','采矿工程',null);
Insert into EA.FIELD (ID,FIELD_CLASS_ID,CODE,NAME,FLAG) values (1998080102,19980801,'080102','石油工程',null);
Insert into EA.FIELD (ID,FIELD_CLASS_ID,CODE,NAME,FLAG) values (1998080103,19980801,'080103','矿物加工工程',null);
Insert into EA.FIELD (ID,FIELD_CLASS_ID,CODE,NAME,FLAG) values (1998080104,19980801,'080104','勘查技术与工程',null);
Insert into EA.FIELD (ID,FIELD_CLASS_ID,CODE,NAME,FLAG) values (1998080105,19980801,'080105','资源勘查与开发',null);
Insert into EA.FIELD (ID,FIELD_CLASS_ID,CODE,NAME,FLAG) values (1998080106,19980801,'080106','地质工程','Y');
Insert into EA.FIELD (ID,FIELD_CLASS_ID,CODE,NAME,FLAG) values (1998080107,19980801,'080107','矿物资源工程','Y');
Insert into EA.FIELD (ID,FIELD_CLASS_ID,CODE,NAME,FLAG) values (1998080108,19980801,'080108','煤及煤层气工程','S');
Insert into EA.FIELD (ID,FIELD_CLASS_ID,CODE,NAME,FLAG) values (1998080109,19980801,'080109','地下水科学与工程','S');
Insert into EA.FIELD (ID,FIELD_CLASS_ID,CODE,NAME,FLAG) values (1998080201,19980802,'080201','冶金工程',null);
Insert into EA.FIELD (ID,FIELD_CLASS_ID,CODE,NAME,FLAG) values (1998080202,19980802,'080202','金属材料工程',null);
Insert into EA.FIELD (ID,FIELD_CLASS_ID,CODE,NAME,FLAG) values (1998080203,19980802,'080203','无机非金属材料工程',null);
Insert into EA.FIELD (ID,FIELD_CLASS_ID,CODE,NAME,FLAG) values (1998080204,19980802,'080204','高分子材料与工程',null);
Insert into EA.FIELD (ID,FIELD_CLASS_ID,CODE,NAME,FLAG) values (1998080205,19980802,'080205','材料科学与工程','Y');
Insert into EA.FIELD (ID,FIELD_CLASS_ID,CODE,NAME,FLAG) values (1998080206,19980802,'080206','复合材料与工程','W');
Insert into EA.FIELD (ID,FIELD_CLASS_ID,CODE,NAME,FLAG) values (1998080207,19980802,'080207','焊接技术与工程','W');
Insert into EA.FIELD (ID,FIELD_CLASS_ID,CODE,NAME,FLAG) values (1998080208,19980802,'080208','宝石及材料工艺学','W');
Insert into EA.FIELD (ID,FIELD_CLASS_ID,CODE,NAME,FLAG) values (1998080209,19980802,'080209','粉体材料科学与工程','W');
Insert into EA.FIELD (ID,FIELD_CLASS_ID,CODE,NAME,FLAG) values (1998080210,19980802,'080210','再生资源科学与技术','W');
Insert into EA.FIELD (ID,FIELD_CLASS_ID,CODE,NAME,FLAG) values (1998080211,19980802,'080211','稀土工程','W');
Insert into EA.FIELD (ID,FIELD_CLASS_ID,CODE,NAME,FLAG) values (1998080212,19980802,'080212','高分子材料加工工程','S');
Insert into EA.FIELD (ID,FIELD_CLASS_ID,CODE,NAME,FLAG) values (1998080213,19980802,'080213','生物功能材料','S');
Insert into EA.FIELD (ID,FIELD_CLASS_ID,CODE,NAME,FLAG) values (1998080214,19980802,'080214','电子封装技术','S');
Insert into EA.FIELD (ID,FIELD_CLASS_ID,CODE,NAME,FLAG) values (1998080301,19980803,'080301','机械设计制造及其自动化',null);
Insert into EA.FIELD (ID,FIELD_CLASS_ID,CODE,NAME,FLAG) values (1998080302,19980803,'080302','材料成型及控制工程',null);
Insert into EA.FIELD (ID,FIELD_CLASS_ID,CODE,NAME,FLAG) values (1998080303,19980803,'080303','工业设计',null);
Insert into EA.FIELD (ID,FIELD_CLASS_ID,CODE,NAME,FLAG) values (1998080304,19980803,'080304','过程装备与控制工程',null);
Insert into EA.FIELD (ID,FIELD_CLASS_ID,CODE,NAME,FLAG) values (1998080305,19980803,'080305','机械工程及自动化','Y');
Insert into EA.FIELD (ID,FIELD_CLASS_ID,CODE,NAME,FLAG) values (1998080306,19980803,'080306','车辆工程','W');
Insert into EA.FIELD (ID,FIELD_CLASS_ID,CODE,NAME,FLAG) values (1998080307,19980803,'080307','机械电子工程','W');
Insert into EA.FIELD (ID,FIELD_CLASS_ID,CODE,NAME,FLAG) values (1998080308,19980803,'080308','汽车服务工程','W');
Insert into EA.FIELD (ID,FIELD_CLASS_ID,CODE,NAME,FLAG) values (1998080309,19980803,'080309','制造自动化与测控技术','S');
Insert into EA.FIELD (ID,FIELD_CLASS_ID,CODE,NAME,FLAG) values (1998080310,19980803,'080310','微机电系统工程','S');
Insert into EA.FIELD (ID,FIELD_CLASS_ID,CODE,NAME,FLAG) values (1998080311,19980803,'080311','制造工程','S');
Insert into EA.FIELD (ID,FIELD_CLASS_ID,CODE,NAME,FLAG) values (1998080312,19980803,'080312','体育装备工程','S');
Insert into EA.FIELD (ID,FIELD_CLASS_ID,CODE,NAME,FLAG) values (1998080401,19980804,'080401','测控技术与仪器',null);
Insert into EA.FIELD (ID,FIELD_CLASS_ID,CODE,NAME,FLAG) values (1998080402,19980804,'080402','电子信息技术及仪器','S');
Insert into EA.FIELD (ID,FIELD_CLASS_ID,CODE,NAME,FLAG) values (1998080501,19980805,'080501','热能与动力工程',null);
Insert into EA.FIELD (ID,FIELD_CLASS_ID,CODE,NAME,FLAG) values (1998080502,19980805,'080502','核工程与核技术',null);
Insert into EA.FIELD (ID,FIELD_CLASS_ID,CODE,NAME,FLAG) values (1998080503,19980805,'080503','工程物理','W');
Insert into EA.FIELD (ID,FIELD_CLASS_ID,CODE,NAME,FLAG) values (1998080504,19980805,'080504','能源与环境系统工程','W');
Insert into EA.FIELD (ID,FIELD_CLASS_ID,CODE,NAME,FLAG) values (1998080505,19980805,'080505','能源工程及自动化','S');
Insert into EA.FIELD (ID,FIELD_CLASS_ID,CODE,NAME,FLAG) values (1998080506,19980805,'080506','能源动力系统及自动化','S');
Insert into EA.FIELD (ID,FIELD_CLASS_ID,CODE,NAME,FLAG) values (1998080507,19980805,'080507','风能与动力工程','S');
Insert into EA.FIELD (ID,FIELD_CLASS_ID,CODE,NAME,FLAG) values (1998080508,19980805,'080508','核技术','S');
Insert into EA.FIELD (ID,FIELD_CLASS_ID,CODE,NAME,FLAG) values (1998080509,19980805,'080509','辐射防护与环境工程','S');
Insert into EA.FIELD (ID,FIELD_CLASS_ID,CODE,NAME,FLAG) values (1998080510,19980805,'080510','核化工与核燃料工程','S');
Insert into EA.FIELD (ID,FIELD_CLASS_ID,CODE,NAME,FLAG) values (1998080511,19980805,'080511','核反应堆工程','S');
Insert into EA.FIELD (ID,FIELD_CLASS_ID,CODE,NAME,FLAG) values (1998080601,19980806,'080601','电气工程及其自动化',null);
Insert into EA.FIELD (ID,FIELD_CLASS_ID,CODE,NAME,FLAG) values (1998080602,19980806,'080602','自动化',null);
Insert into EA.FIELD (ID,FIELD_CLASS_ID,CODE,NAME,FLAG) values (1998080603,19980806,'080603','电子信息工程',null);
Insert into EA.FIELD (ID,FIELD_CLASS_ID,CODE,NAME,FLAG) values (1998080604,19980806,'080604','通信工程',null);
Insert into EA.FIELD (ID,FIELD_CLASS_ID,CODE,NAME,FLAG) values (1998080605,19980806,'080605','计算机科学与技术',null);
Insert into EA.FIELD (ID,FIELD_CLASS_ID,CODE,NAME,FLAG) values (1998080606,19980806,'080606','电子科学与技术',null);
Insert into EA.FIELD (ID,FIELD_CLASS_ID,CODE,NAME,FLAG) values (1998080607,19980806,'080607','生物医学工程',null);
Insert into EA.FIELD (ID,FIELD_CLASS_ID,CODE,NAME,FLAG) values (1998080608,19980806,'080608','电气工程与自动化','Y');
Insert into EA.FIELD (ID,FIELD_CLASS_ID,CODE,NAME,FLAG) values (1998080609,19980806,'080609','信息工程','Y');
Insert into EA.FIELD (ID,FIELD_CLASS_ID,CODE,NAME,FLAG) values (1998080611,19980806,'080611','软件工程','W');
Insert into EA.FIELD (ID,FIELD_CLASS_ID,CODE,NAME,FLAG) values (1998080612,19980806,'080612','影视艺术技术','W');
Insert into EA.FIELD (ID,FIELD_CLASS_ID,CODE,NAME,FLAG) values (1998080613,19980806,'080613','网络工程','W');
Insert into EA.FIELD (ID,FIELD_CLASS_ID,CODE,NAME,FLAG) values (1998080614,19980806,'080614','信息显示与光电技术','W');
Insert into EA.FIELD (ID,FIELD_CLASS_ID,CODE,NAME,FLAG) values (1998080615,19980806,'080615','集成电路设计与集成系统','W');
Insert into EA.FIELD (ID,FIELD_CLASS_ID,CODE,NAME,FLAG) values (1998080616,19980806,'080616','光电信息工程','W');
Insert into EA.FIELD (ID,FIELD_CLASS_ID,CODE,NAME,FLAG) values (1998080617,19980806,'080617','广播电视工程','W');
Insert into EA.FIELD (ID,FIELD_CLASS_ID,CODE,NAME,FLAG) values (1998080618,19980806,'080618','电气信息工程','W');
Insert into EA.FIELD (ID,FIELD_CLASS_ID,CODE,NAME,FLAG) values (1998080619,19980806,'080619','计算机软件','W');
Insert into EA.FIELD (ID,FIELD_CLASS_ID,CODE,NAME,FLAG) values (1998080620,19980806,'080620','电力工程与管理','W');
Insert into EA.FIELD (ID,FIELD_CLASS_ID,CODE,NAME,FLAG) values (1998080621,19980806,'080621','微电子制造工程','W');
Insert into EA.FIELD (ID,FIELD_CLASS_ID,CODE,NAME,FLAG) values (1998080622,19980806,'080622','假肢矫形工程','W');
Insert into EA.FIELD (ID,FIELD_CLASS_ID,CODE,NAME,FLAG) values (1998080623,19980806,'080623','数字媒体艺术','W');
Insert into EA.FIELD (ID,FIELD_CLASS_ID,CODE,NAME,FLAG) values (1998080624,19980806,'080624','医学信息工程','S');
Insert into EA.FIELD (ID,FIELD_CLASS_ID,CODE,NAME,FLAG) values (1998080625,19980806,'080625','信息物理工程','S');
Insert into EA.FIELD (ID,FIELD_CLASS_ID,CODE,NAME,FLAG) values (1998080626,19980806,'080626','医疗器械工程','S');
Insert into EA.FIELD (ID,FIELD_CLASS_ID,CODE,NAME,FLAG) values (1998080627,19980806,'080627','智能科学与技术','S');
Insert into EA.FIELD (ID,FIELD_CLASS_ID,CODE,NAME,FLAG) values (1998080628,19980806,'080628','数字媒体技术','S');
Insert into EA.FIELD (ID,FIELD_CLASS_ID,CODE,NAME,FLAG) values (1998080629,19980806,'080629','医学影像工程','S');
Insert into EA.FIELD (ID,FIELD_CLASS_ID,CODE,NAME,FLAG) values (1998080630,19980806,'080630','真空电子技术','S');
Insert into EA.FIELD (ID,FIELD_CLASS_ID,CODE,NAME,FLAG) values (1998080631,19980806,'080631','电磁场与无线技术','S');
Insert into EA.FIELD (ID,FIELD_CLASS_ID,CODE,NAME,FLAG) values (1998080634,19980806,'080634','信息与通信工程','S');
Insert into EA.FIELD (ID,FIELD_CLASS_ID,CODE,NAME,FLAG) values (1998080701,19980807,'080701','建筑学','Y');
Insert into EA.FIELD (ID,FIELD_CLASS_ID,CODE,NAME,FLAG) values (1998080702,19980807,'080702','城市规划',null);
Insert into EA.FIELD (ID,FIELD_CLASS_ID,CODE,NAME,FLAG) values (1998080703,19980807,'080703','土木工程','Y');
Insert into EA.FIELD (ID,FIELD_CLASS_ID,CODE,NAME,FLAG) values (1998080704,19980807,'080704','建筑环境与设备工程',null);
Insert into EA.FIELD (ID,FIELD_CLASS_ID,CODE,NAME,FLAG) values (1998080705,19980807,'080705','给水排水工程',null);
Insert into EA.FIELD (ID,FIELD_CLASS_ID,CODE,NAME,FLAG) values (1998080706,19980807,'080706','城市地下空间工程','W');
Insert into EA.FIELD (ID,FIELD_CLASS_ID,CODE,NAME,FLAG) values (1998080707,19980807,'080707','历史建筑保护工程','W');
Insert into EA.FIELD (ID,FIELD_CLASS_ID,CODE,NAME,FLAG) values (1998080708,19980807,'080708','景观建筑设计','W');
Insert into EA.FIELD (ID,FIELD_CLASS_ID,CODE,NAME,FLAG) values (1998080709,19980807,'080709','水务工程','W');
Insert into EA.FIELD (ID,FIELD_CLASS_ID,CODE,NAME,FLAG) values (1998080710,19980807,'080710','建筑设施智能技术','S');
Insert into EA.FIELD (ID,FIELD_CLASS_ID,CODE,NAME,FLAG) values (1998080711,19980807,'080711','给排水科学与工程','W');
Insert into EA.FIELD (ID,FIELD_CLASS_ID,CODE,NAME,FLAG) values (1998080712,19980807,'080712','建筑电气与智能化','S');
Insert into EA.FIELD (ID,FIELD_CLASS_ID,CODE,NAME,FLAG) values (1998080713,19980807,'080713','景观学','S');
Insert into EA.FIELD (ID,FIELD_CLASS_ID,CODE,NAME,FLAG) values (1998080714,19980807,'080714','风景园林','S');
Insert into EA.FIELD (ID,FIELD_CLASS_ID,CODE,NAME,FLAG) values (1998080724,19980807,'080724','道路桥梁与渡河工程','W');
Insert into EA.FIELD (ID,FIELD_CLASS_ID,CODE,NAME,FLAG) values (1998080801,19980808,'080801','水利水电工程',null);
Insert into EA.FIELD (ID,FIELD_CLASS_ID,CODE,NAME,FLAG) values (1998080802,19980808,'080802','水文与水资源工程',null);
Insert into EA.FIELD (ID,FIELD_CLASS_ID,CODE,NAME,FLAG) values (1998080803,19980808,'080803','港口航道与海岸工程',null);
Insert into EA.FIELD (ID,FIELD_CLASS_ID,CODE,NAME,FLAG) values (1998080804,19980808,'080804','港口海岸及治河工程','W');
Insert into EA.FIELD (ID,FIELD_CLASS_ID,CODE,NAME,FLAG) values (1998080805,19980808,'080805','水资源与海洋工程','W');
Insert into EA.FIELD (ID,FIELD_CLASS_ID,CODE,NAME,FLAG) values (1998080901,19980809,'080901','测绘工程',null);
Insert into EA.FIELD (ID,FIELD_CLASS_ID,CODE,NAME,FLAG) values (1998080902,19980809,'080902','遥感科学与技术','W');
Insert into EA.FIELD (ID,FIELD_CLASS_ID,CODE,NAME,FLAG) values (1998080903,19980809,'080903','空间信息与数字技术','W');
Insert into EA.FIELD (ID,FIELD_CLASS_ID,CODE,NAME,FLAG) values (1998081001,19980810,'081001','环境工程',null);
Insert into EA.FIELD (ID,FIELD_CLASS_ID,CODE,NAME,FLAG) values (1998081002,19980810,'081002','安全工程',null);
Insert into EA.FIELD (ID,FIELD_CLASS_ID,CODE,NAME,FLAG) values (1998081003,19980810,'081003','水质科学与技术','W');
Insert into EA.FIELD (ID,FIELD_CLASS_ID,CODE,NAME,FLAG) values (1998081004,19980810,'081004','灾害防治工程','W');
Insert into EA.FIELD (ID,FIELD_CLASS_ID,CODE,NAME,FLAG) values (1998081005,19980810,'081005','环境科学与工程','S');
Insert into EA.FIELD (ID,FIELD_CLASS_ID,CODE,NAME,FLAG) values (1998081006,19980810,'081006','环境监察','S');
Insert into EA.FIELD (ID,FIELD_CLASS_ID,CODE,NAME,FLAG) values (1998081007,19980810,'081007','雷电防护科学与技术','S');
Insert into EA.FIELD (ID,FIELD_CLASS_ID,CODE,NAME,FLAG) values (1998081101,19980811,'081101','化学工程与工艺',null);
Insert into EA.FIELD (ID,FIELD_CLASS_ID,CODE,NAME,FLAG) values (1998081102,19980811,'081102','制药工程',null);
Insert into EA.FIELD (ID,FIELD_CLASS_ID,CODE,NAME,FLAG) values (1998081103,19980811,'081103','化工与制药','W');
Insert into EA.FIELD (ID,FIELD_CLASS_ID,CODE,NAME,FLAG) values (1998081104,19980811,'081104','化学工程与工业生物工程','S');
Insert into EA.FIELD (ID,FIELD_CLASS_ID,CODE,NAME,FLAG) values (1998081105,19980811,'081105','资源科学与工程','S');
Insert into EA.FIELD (ID,FIELD_CLASS_ID,CODE,NAME,FLAG) values (1998081201,19980812,'081201','交通运输',null);
Insert into EA.FIELD (ID,FIELD_CLASS_ID,CODE,NAME,FLAG) values (1998081202,19980812,'081202','交通工程',null);
Insert into EA.FIELD (ID,FIELD_CLASS_ID,CODE,NAME,FLAG) values (1998081203,19980812,'081203','油气储运工程',null);
Insert into EA.FIELD (ID,FIELD_CLASS_ID,CODE,NAME,FLAG) values (1998081204,19980812,'081204','飞行技术',null);
Insert into EA.FIELD (ID,FIELD_CLASS_ID,CODE,NAME,FLAG) values (1998081205,19980812,'081205','航海技术',null);
Insert into EA.FIELD (ID,FIELD_CLASS_ID,CODE,NAME,FLAG) values (1998081206,19980812,'081206','轮机工程',null);
Insert into EA.FIELD (ID,FIELD_CLASS_ID,CODE,NAME,FLAG) values (1998081207,19980812,'081207','物流工程','W');
Insert into EA.FIELD (ID,FIELD_CLASS_ID,CODE,NAME,FLAG) values (1998081208,19980812,'081208','海事管理','W');
Insert into EA.FIELD (ID,FIELD_CLASS_ID,CODE,NAME,FLAG) values (1998081209,19980812,'081209','交通设备信息工程','W');
Insert into EA.FIELD (ID,FIELD_CLASS_ID,CODE,NAME,FLAG) values (1998081210,19980812,'081210','交通建设与装备','S');
Insert into EA.FIELD (ID,FIELD_CLASS_ID,CODE,NAME,FLAG) values (1998081301,19980813,'081301','船舶与海洋工程',null);
Insert into EA.FIELD (ID,FIELD_CLASS_ID,CODE,NAME,FLAG) values (1998081401,19980814,'081401','食品科学与工程',null);
Insert into EA.FIELD (ID,FIELD_CLASS_ID,CODE,NAME,FLAG) values (1998081402,19980814,'081402','轻化工程',null);
Insert into EA.FIELD (ID,FIELD_CLASS_ID,CODE,NAME,FLAG) values (1998081403,19980814,'081403','包装工程',null);
Insert into EA.FIELD (ID,FIELD_CLASS_ID,CODE,NAME,FLAG) values (1998081404,19980814,'081404','印刷工程',null);
Insert into EA.FIELD (ID,FIELD_CLASS_ID,CODE,NAME,FLAG) values (1998081405,19980814,'081405','纺织工程',null);
Insert into EA.FIELD (ID,FIELD_CLASS_ID,CODE,NAME,FLAG) values (1998081406,19980814,'081406','服装设计与工程',null);
Insert into EA.FIELD (ID,FIELD_CLASS_ID,CODE,NAME,FLAG) values (1998081407,19980814,'081407','食品质量与安全','W');
Insert into EA.FIELD (ID,FIELD_CLASS_ID,CODE,NAME,FLAG) values (1998081408,19980814,'081408','酿酒工程','W');
Insert into EA.FIELD (ID,FIELD_CLASS_ID,CODE,NAME,FLAG) values (1998081409,19980814,'081409','葡萄与葡萄酒工程','W');
Insert into EA.FIELD (ID,FIELD_CLASS_ID,CODE,NAME,FLAG) values (1998081410,19980814,'081410','轻工生物技术','S');
Insert into EA.FIELD (ID,FIELD_CLASS_ID,CODE,NAME,FLAG) values (1998081411,19980814,'081411','农产品质量与安全','S');
Insert into EA.FIELD (ID,FIELD_CLASS_ID,CODE,NAME,FLAG) values (1998081412,19980814,'081412','非织造材料与工程','S');
Insert into EA.FIELD (ID,FIELD_CLASS_ID,CODE,NAME,FLAG) values (1998081413,19980814,'081413','数字印刷','S');
Insert into EA.FIELD (ID,FIELD_CLASS_ID,CODE,NAME,FLAG) values (1998081414,19980814,'081414','植物资源工程','S');
Insert into EA.FIELD (ID,FIELD_CLASS_ID,CODE,NAME,FLAG) values (1998081415,19980814,'081415','粮食工程','S');
Insert into EA.FIELD (ID,FIELD_CLASS_ID,CODE,NAME,FLAG) values (1998081416,19980814,'081416','乳品工程','S');
Insert into EA.FIELD (ID,FIELD_CLASS_ID,CODE,NAME,FLAG) values (1998081501,19980815,'081501','飞行器设计工程',null);
Insert into EA.FIELD (ID,FIELD_CLASS_ID,CODE,NAME,FLAG) values (1998081502,19980815,'081502','飞行器动力工程',null);
Insert into EA.FIELD (ID,FIELD_CLASS_ID,CODE,NAME,FLAG) values (1998081503,19980815,'081503','飞行器制造工程',null);
Insert into EA.FIELD (ID,FIELD_CLASS_ID,CODE,NAME,FLAG) values (1998081504,19980815,'081504','飞行器环境与生命保障工程',null);
Insert into EA.FIELD (ID,FIELD_CLASS_ID,CODE,NAME,FLAG) values (1998081505,19980815,'081505','航空航天工程','S');
Insert into EA.FIELD (ID,FIELD_CLASS_ID,CODE,NAME,FLAG) values (1998081506,19980815,'081506','工程力学与航天航空工程','S');
Insert into EA.FIELD (ID,FIELD_CLASS_ID,CODE,NAME,FLAG) values (1998081507,19980815,'081507','航天运输与控制','S');
Insert into EA.FIELD (ID,FIELD_CLASS_ID,CODE,NAME,FLAG) values (1998081508,19980815,'081508','质量与可靠性工程','S');
Insert into EA.FIELD (ID,FIELD_CLASS_ID,CODE,NAME,FLAG) values (1998081601,19980816,'081601','武器系统与发射工程',null);
Insert into EA.FIELD (ID,FIELD_CLASS_ID,CODE,NAME,FLAG) values (1998081602,19980816,'081602','探测制导与控制技术',null);
Insert into EA.FIELD (ID,FIELD_CLASS_ID,CODE,NAME,FLAG) values (1998081603,19980816,'081603','弹药工程与爆炸技术',null);
Insert into EA.FIELD (ID,FIELD_CLASS_ID,CODE,NAME,FLAG) values (1998081604,19980816,'081604','特种能源工程与烟火技术',null);
Insert into EA.FIELD (ID,FIELD_CLASS_ID,CODE,NAME,FLAG) values (1998081605,19980816,'081605','地面武器机动工程',null);
Insert into EA.FIELD (ID,FIELD_CLASS_ID,CODE,NAME,FLAG) values (1998081606,19980816,'081606','信息对抗技术','*');
Insert into EA.FIELD (ID,FIELD_CLASS_ID,CODE,NAME,FLAG) values (1998081607,19980816,'081607','武器系统与工程','Y');
Insert into EA.FIELD (ID,FIELD_CLASS_ID,CODE,NAME,FLAG) values (1998081701,19980817,'081701','工程力学',null);
Insert into EA.FIELD (ID,FIELD_CLASS_ID,CODE,NAME,FLAG) values (1998081702,19980817,'081702','工程结构分析','W');
Insert into EA.FIELD (ID,FIELD_CLASS_ID,CODE,NAME,FLAG) values (1998081801,19980818,'081801','生物工程',null);
Insert into EA.FIELD (ID,FIELD_CLASS_ID,CODE,NAME,FLAG) values (1998081901,19980819,'081901','农业机械化及其自动化',null);
Insert into EA.FIELD (ID,FIELD_CLASS_ID,CODE,NAME,FLAG) values (1998081902,19980819,'081902','农业电气化与自动化',null);
Insert into EA.FIELD (ID,FIELD_CLASS_ID,CODE,NAME,FLAG) values (1998081903,19980819,'081903','农业建筑环境与能源工程',null);
Insert into EA.FIELD (ID,FIELD_CLASS_ID,CODE,NAME,FLAG) values (1998081904,19980819,'081904','农业水利工程',null);
Insert into EA.FIELD (ID,FIELD_CLASS_ID,CODE,NAME,FLAG) values (1998081905,19980819,'081905','农业工程','W');
Insert into EA.FIELD (ID,FIELD_CLASS_ID,CODE,NAME,FLAG) values (1998081906,19980819,'081906','生物系统工程','W');
Insert into EA.FIELD (ID,FIELD_CLASS_ID,CODE,NAME,FLAG) values (1998082001,19980820,'082001','森林工程',null);
Insert into EA.FIELD (ID,FIELD_CLASS_ID,CODE,NAME,FLAG) values (1998082002,19980820,'082002','木材科学与工程',null);
Insert into EA.FIELD (ID,FIELD_CLASS_ID,CODE,NAME,FLAG) values (1998082003,19980820,'082003','林产化工',null);
Insert into EA.FIELD (ID,FIELD_CLASS_ID,CODE,NAME,FLAG) values (1998082101,19980821,'082101','刑事科学技术',null);
Insert into EA.FIELD (ID,FIELD_CLASS_ID,CODE,NAME,FLAG) values (1998082102,19980821,'082102','消防工程',null);
Insert into EA.FIELD (ID,FIELD_CLASS_ID,CODE,NAME,FLAG) values (1998082103,19980821,'082103','安全防范工程','W');
Insert into EA.FIELD (ID,FIELD_CLASS_ID,CODE,NAME,FLAG) values (1998082104,19980821,'082104','交通管理工程','W');
Insert into EA.FIELD (ID,FIELD_CLASS_ID,CODE,NAME,FLAG) values (1998082105,19980821,'082105','核生化消防','W');
Insert into EA.FIELD (ID,FIELD_CLASS_ID,CODE,NAME,FLAG) values (1998082106,19980821,'082106','公安视听技术','S');
Insert into EA.FIELD (ID,FIELD_CLASS_ID,CODE,NAME,FLAG) values (1998090101,19980901,'090101','农学',null);
Insert into EA.FIELD (ID,FIELD_CLASS_ID,CODE,NAME,FLAG) values (1998090102,19980901,'090102','园艺',null);
Insert into EA.FIELD (ID,FIELD_CLASS_ID,CODE,NAME,FLAG) values (1998090103,19980901,'090103','植物保护',null);
Insert into EA.FIELD (ID,FIELD_CLASS_ID,CODE,NAME,FLAG) values (1998090104,19980901,'090104','茶学','△');
Insert into EA.FIELD (ID,FIELD_CLASS_ID,CODE,NAME,FLAG) values (1998090105,19980901,'090105','烟草','W');
Insert into EA.FIELD (ID,FIELD_CLASS_ID,CODE,NAME,FLAG) values (1998090106,19980901,'090106','植物科学与技术','W');
Insert into EA.FIELD (ID,FIELD_CLASS_ID,CODE,NAME,FLAG) values (1998090107,19980901,'090107','种子科学与工程','W');
Insert into EA.FIELD (ID,FIELD_CLASS_ID,CODE,NAME,FLAG) values (1998090108,19980901,'090108','应用生物科学','W');
Insert into EA.FIELD (ID,FIELD_CLASS_ID,CODE,NAME,FLAG) values (1998090109,19980901,'090109','设施农业科学与工程','W');
Insert into EA.FIELD (ID,FIELD_CLASS_ID,CODE,NAME,FLAG) values (1998090201,19980902,'090201','草业科学',null);
Insert into EA.FIELD (ID,FIELD_CLASS_ID,CODE,NAME,FLAG) values (1998090301,19980903,'090301','林学',null);
Insert into EA.FIELD (ID,FIELD_CLASS_ID,CODE,NAME,FLAG) values (1998090302,19980903,'090302','森林资源保护与游憩',null);
Insert into EA.FIELD (ID,FIELD_CLASS_ID,CODE,NAME,FLAG) values (1998090303,19980903,'090303','野生动物与自然保护区管理','*');
Insert into EA.FIELD (ID,FIELD_CLASS_ID,CODE,NAME,FLAG) values (1998090401,19980904,'090401','园林',null);
Insert into EA.FIELD (ID,FIELD_CLASS_ID,CODE,NAME,FLAG) values (1998090402,19980904,'090402','水土保持与荒漠化防治',null);
Insert into EA.FIELD (ID,FIELD_CLASS_ID,CODE,NAME,FLAG) values (1998090403,19980904,'090403','农业资源与环境',null);
Insert into EA.FIELD (ID,FIELD_CLASS_ID,CODE,NAME,FLAG) values (1998090501,19980905,'090501','动物科学',null);
Insert into EA.FIELD (ID,FIELD_CLASS_ID,CODE,NAME,FLAG) values (1998090502,19980905,'090502','蚕学','△');
Insert into EA.FIELD (ID,FIELD_CLASS_ID,CODE,NAME,FLAG) values (1998090503,19980905,'090503','蜂学','W');
Insert into EA.FIELD (ID,FIELD_CLASS_ID,CODE,NAME,FLAG) values (1998090601,19980906,'090601','动物医学',null);
Insert into EA.FIELD (ID,FIELD_CLASS_ID,CODE,NAME,FLAG) values (1998090602,19980906,'090602','动物药学','S');
Insert into EA.FIELD (ID,FIELD_CLASS_ID,CODE,NAME,FLAG) values (1998090701,19980907,'090701','水产养殖学',null);
Insert into EA.FIELD (ID,FIELD_CLASS_ID,CODE,NAME,FLAG) values (1998090702,19980907,'090702','海洋渔业科学与技术',null);
Insert into EA.FIELD (ID,FIELD_CLASS_ID,CODE,NAME,FLAG) values (1998090703,19980907,'090703','水族科学与技术','S');
Insert into EA.FIELD (ID,FIELD_CLASS_ID,CODE,NAME,FLAG) values (1998100101,19981001,'100101','基础医学','*');
Insert into EA.FIELD (ID,FIELD_CLASS_ID,CODE,NAME,FLAG) values (1998100201,19981002,'100201','预防医学',null);
Insert into EA.FIELD (ID,FIELD_CLASS_ID,CODE,NAME,FLAG) values (1998100202,19981002,'100202','卫生检验','S');
Insert into EA.FIELD (ID,FIELD_CLASS_ID,CODE,NAME,FLAG) values (1998100203,19981002,'100203','妇幼保健医学','S');
Insert into EA.FIELD (ID,FIELD_CLASS_ID,CODE,NAME,FLAG) values (1998100204,19981002,'100204','营养学','S');
Insert into EA.FIELD (ID,FIELD_CLASS_ID,CODE,NAME,FLAG) values (1998100301,19981003,'100301','临床医学',null);
Insert into EA.FIELD (ID,FIELD_CLASS_ID,CODE,NAME,FLAG) values (1998100302,19981003,'100302','麻醉医学','*');
Insert into EA.FIELD (ID,FIELD_CLASS_ID,CODE,NAME,FLAG) values (1998100303,19981003,'100303','医学影像学','*');
Insert into EA.FIELD (ID,FIELD_CLASS_ID,CODE,NAME,FLAG) values (1998100304,19981003,'100304','医学检验','*');
Insert into EA.FIELD (ID,FIELD_CLASS_ID,CODE,NAME,FLAG) values (1998100305,19981003,'100305','放射医学','W');
Insert into EA.FIELD (ID,FIELD_CLASS_ID,CODE,NAME,FLAG) values (1998100306,19981003,'100306','眼视光学','W');
Insert into EA.FIELD (ID,FIELD_CLASS_ID,CODE,NAME,FLAG) values (1998100307,19981003,'100307','康复治疗学','W');
Insert into EA.FIELD (ID,FIELD_CLASS_ID,CODE,NAME,FLAG) values (1998100308,19981003,'100308','精神医学','W');
Insert into EA.FIELD (ID,FIELD_CLASS_ID,CODE,NAME,FLAG) values (1998100309,19981003,'100309','医学技术','W');
Insert into EA.FIELD (ID,FIELD_CLASS_ID,CODE,NAME,FLAG) values (1998100310,19981003,'100310','听力学','W');
Insert into EA.FIELD (ID,FIELD_CLASS_ID,CODE,NAME,FLAG) values (1998100311,19981003,'100311','医学实验学','W');
Insert into EA.FIELD (ID,FIELD_CLASS_ID,CODE,NAME,FLAG) values (1998100312,19981003,'100312','医学美容技术','S');
Insert into EA.FIELD (ID,FIELD_CLASS_ID,CODE,NAME,FLAG) values (1998100401,19981004,'100401','口腔医学',null);
Insert into EA.FIELD (ID,FIELD_CLASS_ID,CODE,NAME,FLAG) values (1998100402,19981004,'100402','口腔修复工艺学','W');
Insert into EA.FIELD (ID,FIELD_CLASS_ID,CODE,NAME,FLAG) values (1998100501,19981005,'100501','中医学',null);
Insert into EA.FIELD (ID,FIELD_CLASS_ID,CODE,NAME,FLAG) values (1998100502,19981005,'100502','针灸推拿学',null);
Insert into EA.FIELD (ID,FIELD_CLASS_ID,CODE,NAME,FLAG) values (1998100503,19981005,'100503','蒙医学',null);
Insert into EA.FIELD (ID,FIELD_CLASS_ID,CODE,NAME,FLAG) values (1998100504,19981005,'100504','藏医学',null);
Insert into EA.FIELD (ID,FIELD_CLASS_ID,CODE,NAME,FLAG) values (1998100505,19981005,'100505','中西医临床医学','W');
Insert into EA.FIELD (ID,FIELD_CLASS_ID,CODE,NAME,FLAG) values (1998100506,19981005,'100506','维医学','W');
Insert into EA.FIELD (ID,FIELD_CLASS_ID,CODE,NAME,FLAG) values (1998100601,19981006,'100601','法医学','*');
Insert into EA.FIELD (ID,FIELD_CLASS_ID,CODE,NAME,FLAG) values (1998100701,19981007,'100701','护理学',null);
Insert into EA.FIELD (ID,FIELD_CLASS_ID,CODE,NAME,FLAG) values (1998100801,19981008,'100801','药学',null);
Insert into EA.FIELD (ID,FIELD_CLASS_ID,CODE,NAME,FLAG) values (1998100802,19981008,'100802','中药学',null);
Insert into EA.FIELD (ID,FIELD_CLASS_ID,CODE,NAME,FLAG) values (1998100803,19981008,'100803','药物制剂',null);
Insert into EA.FIELD (ID,FIELD_CLASS_ID,CODE,NAME,FLAG) values (1998100804,19981008,'100804','中草药栽培与鉴定','W');
Insert into EA.FIELD (ID,FIELD_CLASS_ID,CODE,NAME,FLAG) values (1998100805,19981008,'100805','藏药学','W');
Insert into EA.FIELD (ID,FIELD_CLASS_ID,CODE,NAME,FLAG) values (1998100806,19981008,'100806','中药资源与开发','W');
Insert into EA.FIELD (ID,FIELD_CLASS_ID,CODE,NAME,FLAG) values (1998100807,19981008,'100807','应用药学','W');
Insert into EA.FIELD (ID,FIELD_CLASS_ID,CODE,NAME,FLAG) values (1998100808,19981008,'100808','临床药学','S');
Insert into EA.FIELD (ID,FIELD_CLASS_ID,CODE,NAME,FLAG) values (1998100809,19981008,'100809','海洋药学','S');
Insert into EA.FIELD (ID,FIELD_CLASS_ID,CODE,NAME,FLAG) values (1998100810,19981008,'100810','药事管理','S');
Insert into EA.FIELD (ID,FIELD_CLASS_ID,CODE,NAME,FLAG) values (1998100811,19981008,'100811','蒙药学','W');
Insert into EA.FIELD (ID,FIELD_CLASS_ID,CODE,NAME,FLAG) values (1998110101,19981101,'110101','管理科学','*');
Insert into EA.FIELD (ID,FIELD_CLASS_ID,CODE,NAME,FLAG) values (1998110102,19981101,'110102','信息管理与信息系统',null);
Insert into EA.FIELD (ID,FIELD_CLASS_ID,CODE,NAME,FLAG) values (1998110103,19981101,'110103','工业工程',null);
Insert into EA.FIELD (ID,FIELD_CLASS_ID,CODE,NAME,FLAG) values (1998110104,19981101,'110104','工程管理',null);
Insert into EA.FIELD (ID,FIELD_CLASS_ID,CODE,NAME,FLAG) values (1998110105,19981101,'110105','工程造价','W');
Insert into EA.FIELD (ID,FIELD_CLASS_ID,CODE,NAME,FLAG) values (1998110106,19981101,'110106','房地产经营管理','W');
Insert into EA.FIELD (ID,FIELD_CLASS_ID,CODE,NAME,FLAG) values (1998110107,19981101,'110107','产品质量工程','S');
Insert into EA.FIELD (ID,FIELD_CLASS_ID,CODE,NAME,FLAG) values (1998110108,19981101,'110108','项目管理','S');
Insert into EA.FIELD (ID,FIELD_CLASS_ID,CODE,NAME,FLAG) values (1998110109,19981101,'110109','管理科学与工程','S');
Insert into EA.FIELD (ID,FIELD_CLASS_ID,CODE,NAME,FLAG) values (1998110201,19981102,'110201','工商管理',null);
Insert into EA.FIELD (ID,FIELD_CLASS_ID,CODE,NAME,FLAG) values (1998110202,19981102,'110202','市场营销',null);
Insert into EA.FIELD (ID,FIELD_CLASS_ID,CODE,NAME,FLAG) values (1998110203,19981102,'110203','会计学',null);
Insert into EA.FIELD (ID,FIELD_CLASS_ID,CODE,NAME,FLAG) values (1998110204,19981102,'110204','财务管理',null);
Insert into EA.FIELD (ID,FIELD_CLASS_ID,CODE,NAME,FLAG) values (1998110205,19981102,'110205','人力资源管理',null);
Insert into EA.FIELD (ID,FIELD_CLASS_ID,CODE,NAME,FLAG) values (1998110206,19981102,'110206','旅游管理',null);
Insert into EA.FIELD (ID,FIELD_CLASS_ID,CODE,NAME,FLAG) values (1998110207,19981102,'110207','商品学','W');
Insert into EA.FIELD (ID,FIELD_CLASS_ID,CODE,NAME,FLAG) values (1998110208,19981102,'110208','审计学','W');
Insert into EA.FIELD (ID,FIELD_CLASS_ID,CODE,NAME,FLAG) values (1998110209,19981102,'110209','电子商务','W');
Insert into EA.FIELD (ID,FIELD_CLASS_ID,CODE,NAME,FLAG) values (1998110210,19981102,'110210','物流管理','W');
Insert into EA.FIELD (ID,FIELD_CLASS_ID,CODE,NAME,FLAG) values (1998110211,19981102,'110211','国际商务','W');
Insert into EA.FIELD (ID,FIELD_CLASS_ID,CODE,NAME,FLAG) values (1998110212,19981102,'110212','物业管理','S');
Insert into EA.FIELD (ID,FIELD_CLASS_ID,CODE,NAME,FLAG) values (1998110213,19981102,'110213','特许经营管理','S');
Insert into EA.FIELD (ID,FIELD_CLASS_ID,CODE,NAME,FLAG) values (1998110214,19981102,'110214','连锁经营管理','S');
Insert into EA.FIELD (ID,FIELD_CLASS_ID,CODE,NAME,FLAG) values (1998110215,19981102,'110215','资产评估','S');
Insert into EA.FIELD (ID,FIELD_CLASS_ID,CODE,NAME,FLAG) values (1998110217,19981102,'110217','商务策划管理','S');
Insert into EA.FIELD (ID,FIELD_CLASS_ID,CODE,NAME,FLAG) values (1998110218,19981102,'110218','酒店管理','S');
Insert into EA.FIELD (ID,FIELD_CLASS_ID,CODE,NAME,FLAG) values (1998110301,19981103,'110301','行政管理',null);
Insert into EA.FIELD (ID,FIELD_CLASS_ID,CODE,NAME,FLAG) values (1998110302,19981103,'110302','公共事业管理',null);
Insert into EA.FIELD (ID,FIELD_CLASS_ID,CODE,NAME,FLAG) values (1998110303,19981103,'110303','劳动与社会保障','*');
Insert into EA.FIELD (ID,FIELD_CLASS_ID,CODE,NAME,FLAG) values (1998110304,19981103,'110304','土地资源管理','*');
Insert into EA.FIELD (ID,FIELD_CLASS_ID,CODE,NAME,FLAG) values (1998110305,19981103,'110305','公共关系学','W');
Insert into EA.FIELD (ID,FIELD_CLASS_ID,CODE,NAME,FLAG) values (1998110307,19981103,'110307','公共政策学','W');
Insert into EA.FIELD (ID,FIELD_CLASS_ID,CODE,NAME,FLAG) values (1998110308,19981103,'110308','城市管理','W');
Insert into EA.FIELD (ID,FIELD_CLASS_ID,CODE,NAME,FLAG) values (1998110309,19981103,'110309','公共管理','W');
Insert into EA.FIELD (ID,FIELD_CLASS_ID,CODE,NAME,FLAG) values (1998110310,19981103,'110310','文化产业管理','S');
Insert into EA.FIELD (ID,FIELD_CLASS_ID,CODE,NAME,FLAG) values (1998110311,19981103,'110311','会展经济与管理','S');
Insert into EA.FIELD (ID,FIELD_CLASS_ID,CODE,NAME,FLAG) values (1998110312,19981103,'110312','国防教育与管理','S');
Insert into EA.FIELD (ID,FIELD_CLASS_ID,CODE,NAME,FLAG) values (1998110313,19981103,'110313','航运管理','S');
Insert into EA.FIELD (ID,FIELD_CLASS_ID,CODE,NAME,FLAG) values (1998110314,19981103,'110314','劳动关系','S');
Insert into EA.FIELD (ID,FIELD_CLASS_ID,CODE,NAME,FLAG) values (1998110315,19981103,'110315','公共安全管理','S');
Insert into EA.FIELD (ID,FIELD_CLASS_ID,CODE,NAME,FLAG) values (1998110316,19981103,'110316','体育产业管理','S');
Insert into EA.FIELD (ID,FIELD_CLASS_ID,CODE,NAME,FLAG) values (1998110317,19981103,'110317','食品经济管理','S');
Insert into EA.FIELD (ID,FIELD_CLASS_ID,CODE,NAME,FLAG) values (1998110401,19981104,'110401','农林经济管理',null);
Insert into EA.FIELD (ID,FIELD_CLASS_ID,CODE,NAME,FLAG) values (1998110402,19981104,'110402','农村区域发展',null);
Insert into EA.FIELD (ID,FIELD_CLASS_ID,CODE,NAME,FLAG) values (1998110501,19981105,'110501','图书馆学',null);
Insert into EA.FIELD (ID,FIELD_CLASS_ID,CODE,NAME,FLAG) values (1998110502,19981105,'110502','档案学',null);
Insert into EA.FIELD (ID,FIELD_CLASS_ID,CODE,NAME,FLAG) values (1998110503,19981105,'110503','信息资源管理','W');
Insert into EA.FIELD (ID,FIELD_CLASS_ID,CODE,NAME,FLAG) values (2012010101,20120101,'010101','哲学',null);
Insert into EA.FIELD (ID,FIELD_CLASS_ID,CODE,NAME,FLAG) values (2012010102,20120101,'010102','逻辑学',null);
Insert into EA.FIELD (ID,FIELD_CLASS_ID,CODE,NAME,FLAG) values (2012010103,20120101,'010103','宗教学','K');
Insert into EA.FIELD (ID,FIELD_CLASS_ID,CODE,NAME,FLAG) values (2012010104,20120101,'010104','伦理学','T');
Insert into EA.FIELD (ID,FIELD_CLASS_ID,CODE,NAME,FLAG) values (2012020101,20120201,'020101','经济学',null);
Insert into EA.FIELD (ID,FIELD_CLASS_ID,CODE,NAME,FLAG) values (2012020102,20120201,'020102','经济统计学',null);
Insert into EA.FIELD (ID,FIELD_CLASS_ID,CODE,NAME,FLAG) values (2012020103,20120201,'020103','国民经济管理','T');
Insert into EA.FIELD (ID,FIELD_CLASS_ID,CODE,NAME,FLAG) values (2012020104,20120201,'020104','资源与环境经济学','T');
Insert into EA.FIELD (ID,FIELD_CLASS_ID,CODE,NAME,FLAG) values (2012020105,20120201,'020105','商务经济学','T');
Insert into EA.FIELD (ID,FIELD_CLASS_ID,CODE,NAME,FLAG) values (2012020106,20120201,'020106','能源经济','T');
Insert into EA.FIELD (ID,FIELD_CLASS_ID,CODE,NAME,FLAG) values (2012020201,20120202,'020201','财政学','K');
Insert into EA.FIELD (ID,FIELD_CLASS_ID,CODE,NAME,FLAG) values (2012020202,20120202,'020202','税收学',null);
Insert into EA.FIELD (ID,FIELD_CLASS_ID,CODE,NAME,FLAG) values (2012020301,20120203,'020301','金融学','K');
Insert into EA.FIELD (ID,FIELD_CLASS_ID,CODE,NAME,FLAG) values (2012020302,20120203,'020302','金融工程',null);
Insert into EA.FIELD (ID,FIELD_CLASS_ID,CODE,NAME,FLAG) values (2012020303,20120203,'020303','保险学',null);
Insert into EA.FIELD (ID,FIELD_CLASS_ID,CODE,NAME,FLAG) values (2012020304,20120203,'020304','投资学',null);
Insert into EA.FIELD (ID,FIELD_CLASS_ID,CODE,NAME,FLAG) values (2012020305,20120203,'020305','金融数学','T');
Insert into EA.FIELD (ID,FIELD_CLASS_ID,CODE,NAME,FLAG) values (2012020306,20120203,'020306','信用管理','T');
Insert into EA.FIELD (ID,FIELD_CLASS_ID,CODE,NAME,FLAG) values (2012020307,20120203,'020307','经济与金融','T');
Insert into EA.FIELD (ID,FIELD_CLASS_ID,CODE,NAME,FLAG) values (2012020401,20120204,'020401','国际经济与贸易',null);
Insert into EA.FIELD (ID,FIELD_CLASS_ID,CODE,NAME,FLAG) values (2012020402,20120204,'020402','贸易经济',null);
Insert into EA.FIELD (ID,FIELD_CLASS_ID,CODE,NAME,FLAG) values (2012030101,20120301,'030101','法学','K');
Insert into EA.FIELD (ID,FIELD_CLASS_ID,CODE,NAME,FLAG) values (2012030102,20120301,'030102','知识产权','T');
Insert into EA.FIELD (ID,FIELD_CLASS_ID,CODE,NAME,FLAG) values (2012030103,20120301,'030103','监狱学','T');
Insert into EA.FIELD (ID,FIELD_CLASS_ID,CODE,NAME,FLAG) values (2012030201,20120302,'030201','政治学与行政学',null);
Insert into EA.FIELD (ID,FIELD_CLASS_ID,CODE,NAME,FLAG) values (2012030202,20120302,'030202','国际政治',null);
Insert into EA.FIELD (ID,FIELD_CLASS_ID,CODE,NAME,FLAG) values (2012030203,20120302,'030203','外交学',null);
Insert into EA.FIELD (ID,FIELD_CLASS_ID,CODE,NAME,FLAG) values (2012030204,20120302,'030204','国际事务与国际关系','T');
Insert into EA.FIELD (ID,FIELD_CLASS_ID,CODE,NAME,FLAG) values (2012030205,20120302,'030205','政治学、经济学与哲学','T');
Insert into EA.FIELD (ID,FIELD_CLASS_ID,CODE,NAME,FLAG) values (2012030301,20120303,'030301','社会学',null);
Insert into EA.FIELD (ID,FIELD_CLASS_ID,CODE,NAME,FLAG) values (2012030302,20120303,'030302','社会工作',null);
Insert into EA.FIELD (ID,FIELD_CLASS_ID,CODE,NAME,FLAG) values (2012030303,20120303,'030303','人类学','T');
Insert into EA.FIELD (ID,FIELD_CLASS_ID,CODE,NAME,FLAG) values (2012030304,20120303,'030304','女性学','T');
Insert into EA.FIELD (ID,FIELD_CLASS_ID,CODE,NAME,FLAG) values (2012030305,20120303,'030305','家政学','T');
Insert into EA.FIELD (ID,FIELD_CLASS_ID,CODE,NAME,FLAG) values (2012030401,20120304,'030401','民族学',null);
Insert into EA.FIELD (ID,FIELD_CLASS_ID,CODE,NAME,FLAG) values (2012030501,20120305,'030501','科学社会主义',null);
Insert into EA.FIELD (ID,FIELD_CLASS_ID,CODE,NAME,FLAG) values (2012030502,20120305,'030502','中国共产党历史',null);
Insert into EA.FIELD (ID,FIELD_CLASS_ID,CODE,NAME,FLAG) values (2012030503,20120305,'030503','思想政治教育',null);
Insert into EA.FIELD (ID,FIELD_CLASS_ID,CODE,NAME,FLAG) values (2012030601,20120306,'030601','治安学','K');
Insert into EA.FIELD (ID,FIELD_CLASS_ID,CODE,NAME,FLAG) values (2012030602,20120306,'030602','侦查学','K');
Insert into EA.FIELD (ID,FIELD_CLASS_ID,CODE,NAME,FLAG) values (2012030603,20120306,'030603','边防管理','K');
Insert into EA.FIELD (ID,FIELD_CLASS_ID,CODE,NAME,FLAG) values (2012030604,20120306,'030604','禁毒学','TK');
Insert into EA.FIELD (ID,FIELD_CLASS_ID,CODE,NAME,FLAG) values (2012030605,20120306,'030605','警犬技术','TK');
Insert into EA.FIELD (ID,FIELD_CLASS_ID,CODE,NAME,FLAG) values (2012030606,20120306,'030606','经济犯罪侦查','TK');
Insert into EA.FIELD (ID,FIELD_CLASS_ID,CODE,NAME,FLAG) values (2012030607,20120306,'030607','边防指挥','TK');
Insert into EA.FIELD (ID,FIELD_CLASS_ID,CODE,NAME,FLAG) values (2012030608,20120306,'030608','消防指挥','TK');
Insert into EA.FIELD (ID,FIELD_CLASS_ID,CODE,NAME,FLAG) values (2012030609,20120306,'030609','警卫学','TK');
Insert into EA.FIELD (ID,FIELD_CLASS_ID,CODE,NAME,FLAG) values (2012030610,20120306,'030610','公安情报学','TK');
Insert into EA.FIELD (ID,FIELD_CLASS_ID,CODE,NAME,FLAG) values (2012030611,20120306,'030611','犯罪学','TK');
Insert into EA.FIELD (ID,FIELD_CLASS_ID,CODE,NAME,FLAG) values (2012030612,20120306,'030612','公安管理学','TK');
Insert into EA.FIELD (ID,FIELD_CLASS_ID,CODE,NAME,FLAG) values (2012030613,20120306,'030613','涉外警务','TK');
Insert into EA.FIELD (ID,FIELD_CLASS_ID,CODE,NAME,FLAG) values (2012030614,20120306,'030614','国内安全保卫','TK');
Insert into EA.FIELD (ID,FIELD_CLASS_ID,CODE,NAME,FLAG) values (2012030615,20120306,'030615','警务指挥与战术','TK');
Insert into EA.FIELD (ID,FIELD_CLASS_ID,CODE,NAME,FLAG) values (2012040101,20120401,'040101','教育学',null);
Insert into EA.FIELD (ID,FIELD_CLASS_ID,CODE,NAME,FLAG) values (2012040102,20120401,'040102','科学教育',null);
Insert into EA.FIELD (ID,FIELD_CLASS_ID,CODE,NAME,FLAG) values (2012040103,20120401,'040103','人文教育',null);
Insert into EA.FIELD (ID,FIELD_CLASS_ID,CODE,NAME,FLAG) values (2012040104,20120401,'040104','教育技术学',null);
Insert into EA.FIELD (ID,FIELD_CLASS_ID,CODE,NAME,FLAG) values (2012040105,20120401,'040105','艺术教育',null);
Insert into EA.FIELD (ID,FIELD_CLASS_ID,CODE,NAME,FLAG) values (2012040106,20120401,'040106','学前教育',null);
Insert into EA.FIELD (ID,FIELD_CLASS_ID,CODE,NAME,FLAG) values (2012040107,20120401,'040107','小学教育',null);
Insert into EA.FIELD (ID,FIELD_CLASS_ID,CODE,NAME,FLAG) values (2012040108,20120401,'040108','特殊教育',null);
Insert into EA.FIELD (ID,FIELD_CLASS_ID,CODE,NAME,FLAG) values (2012040109,20120401,'040109','华文教育','T');
Insert into EA.FIELD (ID,FIELD_CLASS_ID,CODE,NAME,FLAG) values (2012040201,20120402,'040201','体育教育',null);
Insert into EA.FIELD (ID,FIELD_CLASS_ID,CODE,NAME,FLAG) values (2012040202,20120402,'040202','运动训练','K');
Insert into EA.FIELD (ID,FIELD_CLASS_ID,CODE,NAME,FLAG) values (2012040203,20120402,'040203','社会体育指导与管理',null);
Insert into EA.FIELD (ID,FIELD_CLASS_ID,CODE,NAME,FLAG) values (2012040204,20120402,'040204','武术与民族传统体育','K');
Insert into EA.FIELD (ID,FIELD_CLASS_ID,CODE,NAME,FLAG) values (2012040205,20120402,'040205','运动人体科学',null);
Insert into EA.FIELD (ID,FIELD_CLASS_ID,CODE,NAME,FLAG) values (2012040206,20120402,'040206','运动康复','T');
Insert into EA.FIELD (ID,FIELD_CLASS_ID,CODE,NAME,FLAG) values (2012040207,20120402,'040207','休闲体育','T');
Insert into EA.FIELD (ID,FIELD_CLASS_ID,CODE,NAME,FLAG) values (2012050101,20120501,'050101','汉语言文学',null);
Insert into EA.FIELD (ID,FIELD_CLASS_ID,CODE,NAME,FLAG) values (2012050102,20120501,'050102','汉语言',null);
Insert into EA.FIELD (ID,FIELD_CLASS_ID,CODE,NAME,FLAG) values (2012050103,20120501,'050103','汉语国际教育',null);
Insert into EA.FIELD (ID,FIELD_CLASS_ID,CODE,NAME,FLAG) values (2012050104,20120501,'050104','中国少数民族语言文学',null);
Insert into EA.FIELD (ID,FIELD_CLASS_ID,CODE,NAME,FLAG) values (2012050105,20120501,'050105','古典文献学',null);
Insert into EA.FIELD (ID,FIELD_CLASS_ID,CODE,NAME,FLAG) values (2012050106,20120501,'050106','应用语言学','T');
Insert into EA.FIELD (ID,FIELD_CLASS_ID,CODE,NAME,FLAG) values (2012050107,20120501,'050107','秘书学','T');
Insert into EA.FIELD (ID,FIELD_CLASS_ID,CODE,NAME,FLAG) values (2012050201,20120502,'050201','英语',null);
Insert into EA.FIELD (ID,FIELD_CLASS_ID,CODE,NAME,FLAG) values (2012050202,20120502,'050202','俄语',null);
Insert into EA.FIELD (ID,FIELD_CLASS_ID,CODE,NAME,FLAG) values (2012050203,20120502,'050203','德语',null);
Insert into EA.FIELD (ID,FIELD_CLASS_ID,CODE,NAME,FLAG) values (2012050204,20120502,'050204','法语',null);
Insert into EA.FIELD (ID,FIELD_CLASS_ID,CODE,NAME,FLAG) values (2012050205,20120502,'050205','西班牙语',null);
Insert into EA.FIELD (ID,FIELD_CLASS_ID,CODE,NAME,FLAG) values (2012050206,20120502,'050206','阿拉伯语',null);
Insert into EA.FIELD (ID,FIELD_CLASS_ID,CODE,NAME,FLAG) values (2012050207,20120502,'050207','日语',null);
Insert into EA.FIELD (ID,FIELD_CLASS_ID,CODE,NAME,FLAG) values (2012050208,20120502,'050208','波斯语',null);
Insert into EA.FIELD (ID,FIELD_CLASS_ID,CODE,NAME,FLAG) values (2012050209,20120502,'050209','朝鲜语',null);
Insert into EA.FIELD (ID,FIELD_CLASS_ID,CODE,NAME,FLAG) values (2012050210,20120502,'050210','菲律宾语',null);
Insert into EA.FIELD (ID,FIELD_CLASS_ID,CODE,NAME,FLAG) values (2012050211,20120502,'050211','梵语巴利语',null);
Insert into EA.FIELD (ID,FIELD_CLASS_ID,CODE,NAME,FLAG) values (2012050212,20120502,'050212','印度尼西亚语',null);
Insert into EA.FIELD (ID,FIELD_CLASS_ID,CODE,NAME,FLAG) values (2012050213,20120502,'050213','印地语',null);
Insert into EA.FIELD (ID,FIELD_CLASS_ID,CODE,NAME,FLAG) values (2012050214,20120502,'050214','柬埔寨语',null);
Insert into EA.FIELD (ID,FIELD_CLASS_ID,CODE,NAME,FLAG) values (2012050215,20120502,'050215','老挝语',null);
Insert into EA.FIELD (ID,FIELD_CLASS_ID,CODE,NAME,FLAG) values (2012050216,20120502,'050216','缅甸语',null);
Insert into EA.FIELD (ID,FIELD_CLASS_ID,CODE,NAME,FLAG) values (2012050217,20120502,'050217','马来语',null);
Insert into EA.FIELD (ID,FIELD_CLASS_ID,CODE,NAME,FLAG) values (2012050218,20120502,'050218','蒙古语',null);
Insert into EA.FIELD (ID,FIELD_CLASS_ID,CODE,NAME,FLAG) values (2012050219,20120502,'050219','僧伽罗语',null);
Insert into EA.FIELD (ID,FIELD_CLASS_ID,CODE,NAME,FLAG) values (2012050220,20120502,'050220','泰语',null);
Insert into EA.FIELD (ID,FIELD_CLASS_ID,CODE,NAME,FLAG) values (2012050221,20120502,'050221','乌尔都语',null);
Insert into EA.FIELD (ID,FIELD_CLASS_ID,CODE,NAME,FLAG) values (2012050222,20120502,'050222','希伯来语',null);
Insert into EA.FIELD (ID,FIELD_CLASS_ID,CODE,NAME,FLAG) values (2012050223,20120502,'050223','越南语',null);
Insert into EA.FIELD (ID,FIELD_CLASS_ID,CODE,NAME,FLAG) values (2012050224,20120502,'050224','豪萨语',null);
Insert into EA.FIELD (ID,FIELD_CLASS_ID,CODE,NAME,FLAG) values (2012050225,20120502,'050225','斯瓦希里语',null);
Insert into EA.FIELD (ID,FIELD_CLASS_ID,CODE,NAME,FLAG) values (2012050226,20120502,'050226','阿尔巴尼亚语',null);
Insert into EA.FIELD (ID,FIELD_CLASS_ID,CODE,NAME,FLAG) values (2012050227,20120502,'050227','保加利亚语',null);
Insert into EA.FIELD (ID,FIELD_CLASS_ID,CODE,NAME,FLAG) values (2012050228,20120502,'050228','波兰语',null);
Insert into EA.FIELD (ID,FIELD_CLASS_ID,CODE,NAME,FLAG) values (2012050229,20120502,'050229','捷克语',null);
Insert into EA.FIELD (ID,FIELD_CLASS_ID,CODE,NAME,FLAG) values (2012050230,20120502,'050230','斯洛伐克语',null);
Insert into EA.FIELD (ID,FIELD_CLASS_ID,CODE,NAME,FLAG) values (2012050231,20120502,'050231','罗马尼亚语',null);
Insert into EA.FIELD (ID,FIELD_CLASS_ID,CODE,NAME,FLAG) values (2012050232,20120502,'050232','葡萄牙语',null);
Insert into EA.FIELD (ID,FIELD_CLASS_ID,CODE,NAME,FLAG) values (2012050233,20120502,'050233','瑞典语',null);
Insert into EA.FIELD (ID,FIELD_CLASS_ID,CODE,NAME,FLAG) values (2012050234,20120502,'050234','塞尔维亚语',null);
Insert into EA.FIELD (ID,FIELD_CLASS_ID,CODE,NAME,FLAG) values (2012050235,20120502,'050235','土耳其语',null);
Insert into EA.FIELD (ID,FIELD_CLASS_ID,CODE,NAME,FLAG) values (2012050236,20120502,'050236','希腊语',null);
Insert into EA.FIELD (ID,FIELD_CLASS_ID,CODE,NAME,FLAG) values (2012050237,20120502,'050237','匈牙利语',null);
Insert into EA.FIELD (ID,FIELD_CLASS_ID,CODE,NAME,FLAG) values (2012050238,20120502,'050238','意大利语',null);
Insert into EA.FIELD (ID,FIELD_CLASS_ID,CODE,NAME,FLAG) values (2012050239,20120502,'050239','泰米尔语',null);
Insert into EA.FIELD (ID,FIELD_CLASS_ID,CODE,NAME,FLAG) values (2012050240,20120502,'050240','普什图语',null);
Insert into EA.FIELD (ID,FIELD_CLASS_ID,CODE,NAME,FLAG) values (2012050241,20120502,'050241','世界语',null);
Insert into EA.FIELD (ID,FIELD_CLASS_ID,CODE,NAME,FLAG) values (2012050242,20120502,'050242','孟加拉语',null);
Insert into EA.FIELD (ID,FIELD_CLASS_ID,CODE,NAME,FLAG) values (2012050243,20120502,'050243','尼泊尔语',null);
Insert into EA.FIELD (ID,FIELD_CLASS_ID,CODE,NAME,FLAG) values (2012050244,20120502,'050244','克罗地亚语',null);
Insert into EA.FIELD (ID,FIELD_CLASS_ID,CODE,NAME,FLAG) values (2012050245,20120502,'050245','荷兰语',null);
Insert into EA.FIELD (ID,FIELD_CLASS_ID,CODE,NAME,FLAG) values (2012050246,20120502,'050246','芬兰语',null);
Insert into EA.FIELD (ID,FIELD_CLASS_ID,CODE,NAME,FLAG) values (2012050247,20120502,'050247','乌克兰语',null);
Insert into EA.FIELD (ID,FIELD_CLASS_ID,CODE,NAME,FLAG) values (2012050248,20120502,'050248','挪威语',null);
Insert into EA.FIELD (ID,FIELD_CLASS_ID,CODE,NAME,FLAG) values (2012050249,20120502,'050249','丹麦语',null);
Insert into EA.FIELD (ID,FIELD_CLASS_ID,CODE,NAME,FLAG) values (2012050250,20120502,'050250','冰岛语',null);
Insert into EA.FIELD (ID,FIELD_CLASS_ID,CODE,NAME,FLAG) values (2012050251,20120502,'050251','爱尔兰语',null);
Insert into EA.FIELD (ID,FIELD_CLASS_ID,CODE,NAME,FLAG) values (2012050252,20120502,'050252','拉脱维亚语',null);
Insert into EA.FIELD (ID,FIELD_CLASS_ID,CODE,NAME,FLAG) values (2012050253,20120502,'050253','立陶宛语',null);
Insert into EA.FIELD (ID,FIELD_CLASS_ID,CODE,NAME,FLAG) values (2012050254,20120502,'050254','斯洛文尼亚语',null);
Insert into EA.FIELD (ID,FIELD_CLASS_ID,CODE,NAME,FLAG) values (2012050255,20120502,'050255','爱沙尼亚语',null);
Insert into EA.FIELD (ID,FIELD_CLASS_ID,CODE,NAME,FLAG) values (2012050256,20120502,'050256','马耳他语',null);
Insert into EA.FIELD (ID,FIELD_CLASS_ID,CODE,NAME,FLAG) values (2012050257,20120502,'050257','哈萨克语',null);
Insert into EA.FIELD (ID,FIELD_CLASS_ID,CODE,NAME,FLAG) values (2012050258,20120502,'050258','乌兹别克语',null);
Insert into EA.FIELD (ID,FIELD_CLASS_ID,CODE,NAME,FLAG) values (2012050259,20120502,'050259','祖鲁语',null);
Insert into EA.FIELD (ID,FIELD_CLASS_ID,CODE,NAME,FLAG) values (2012050260,20120502,'050260','拉丁语',null);
Insert into EA.FIELD (ID,FIELD_CLASS_ID,CODE,NAME,FLAG) values (2012050261,20120502,'050261','翻译',null);
Insert into EA.FIELD (ID,FIELD_CLASS_ID,CODE,NAME,FLAG) values (2012050262,20120502,'050262','商务英语',null);
Insert into EA.FIELD (ID,FIELD_CLASS_ID,CODE,NAME,FLAG) values (2012050301,20120503,'050301','新闻学',null);
Insert into EA.FIELD (ID,FIELD_CLASS_ID,CODE,NAME,FLAG) values (2012050302,20120503,'050302','广播电视学',null);
Insert into EA.FIELD (ID,FIELD_CLASS_ID,CODE,NAME,FLAG) values (2012050303,20120503,'050303','广告学',null);
Insert into EA.FIELD (ID,FIELD_CLASS_ID,CODE,NAME,FLAG) values (2012050304,20120503,'050304','传播学',null);
Insert into EA.FIELD (ID,FIELD_CLASS_ID,CODE,NAME,FLAG) values (2012050305,20120503,'050305','编辑出版学',null);
Insert into EA.FIELD (ID,FIELD_CLASS_ID,CODE,NAME,FLAG) values (2012050306,20120503,'050306','网络与新媒体','T');
Insert into EA.FIELD (ID,FIELD_CLASS_ID,CODE,NAME,FLAG) values (2012050307,20120503,'050307','数字出版','T');
Insert into EA.FIELD (ID,FIELD_CLASS_ID,CODE,NAME,FLAG) values (2012060101,20120601,'060101','历史学',null);
Insert into EA.FIELD (ID,FIELD_CLASS_ID,CODE,NAME,FLAG) values (2012060102,20120601,'060102','世界史',null);
Insert into EA.FIELD (ID,FIELD_CLASS_ID,CODE,NAME,FLAG) values (2012060103,20120601,'060103','考古学',null);
Insert into EA.FIELD (ID,FIELD_CLASS_ID,CODE,NAME,FLAG) values (2012060104,20120601,'060104','文物与博物馆学',null);
Insert into EA.FIELD (ID,FIELD_CLASS_ID,CODE,NAME,FLAG) values (2012060105,20120601,'060105','文物保护技术','T');
Insert into EA.FIELD (ID,FIELD_CLASS_ID,CODE,NAME,FLAG) values (2012060106,20120601,'060106','外国语言与外国历史','T');
Insert into EA.FIELD (ID,FIELD_CLASS_ID,CODE,NAME,FLAG) values (2012070101,20120701,'070101','数学与应用数学',null);
Insert into EA.FIELD (ID,FIELD_CLASS_ID,CODE,NAME,FLAG) values (2012070102,20120701,'070102','信息与计算科学',null);
Insert into EA.FIELD (ID,FIELD_CLASS_ID,CODE,NAME,FLAG) values (2012070103,20120701,'070103','数理基础科学','T');
Insert into EA.FIELD (ID,FIELD_CLASS_ID,CODE,NAME,FLAG) values (2012070201,20120702,'070201','物理学',null);
Insert into EA.FIELD (ID,FIELD_CLASS_ID,CODE,NAME,FLAG) values (2012070202,20120702,'070202','应用物理学',null);
Insert into EA.FIELD (ID,FIELD_CLASS_ID,CODE,NAME,FLAG) values (2012070203,20120702,'070203','核物理',null);
Insert into EA.FIELD (ID,FIELD_CLASS_ID,CODE,NAME,FLAG) values (2012070204,20120702,'070204','声学','T');
Insert into EA.FIELD (ID,FIELD_CLASS_ID,CODE,NAME,FLAG) values (2012070301,20120703,'070301','化学',null);
Insert into EA.FIELD (ID,FIELD_CLASS_ID,CODE,NAME,FLAG) values (2012070302,20120703,'070302','应用化学',null);
Insert into EA.FIELD (ID,FIELD_CLASS_ID,CODE,NAME,FLAG) values (2012070303,20120703,'070303','化学生物学','T');
Insert into EA.FIELD (ID,FIELD_CLASS_ID,CODE,NAME,FLAG) values (2012070304,20120703,'070304','分子科学与工程','T');
Insert into EA.FIELD (ID,FIELD_CLASS_ID,CODE,NAME,FLAG) values (2012070401,20120704,'070401','天文学',null);
Insert into EA.FIELD (ID,FIELD_CLASS_ID,CODE,NAME,FLAG) values (2012070501,20120705,'070501','地理科学',null);
Insert into EA.FIELD (ID,FIELD_CLASS_ID,CODE,NAME,FLAG) values (2012070502,20120705,'070502','自然地理与资源环境',null);
Insert into EA.FIELD (ID,FIELD_CLASS_ID,CODE,NAME,FLAG) values (2012070503,20120705,'070503','人文地理与城乡规划',null);
Insert into EA.FIELD (ID,FIELD_CLASS_ID,CODE,NAME,FLAG) values (2012070504,20120705,'070504','地理信息科学',null);
Insert into EA.FIELD (ID,FIELD_CLASS_ID,CODE,NAME,FLAG) values (2012070601,20120706,'070601','大气科学',null);
Insert into EA.FIELD (ID,FIELD_CLASS_ID,CODE,NAME,FLAG) values (2012070602,20120706,'070602','应用气象学',null);
Insert into EA.FIELD (ID,FIELD_CLASS_ID,CODE,NAME,FLAG) values (2012070701,20120707,'070701','海洋科学',null);
Insert into EA.FIELD (ID,FIELD_CLASS_ID,CODE,NAME,FLAG) values (2012070702,20120707,'070702','海洋技术',null);
Insert into EA.FIELD (ID,FIELD_CLASS_ID,CODE,NAME,FLAG) values (2012070703,20120707,'070703','海洋资源与环境','T');
Insert into EA.FIELD (ID,FIELD_CLASS_ID,CODE,NAME,FLAG) values (2012070704,20120707,'070704','军事海洋学','T');
Insert into EA.FIELD (ID,FIELD_CLASS_ID,CODE,NAME,FLAG) values (2012070801,20120708,'070801','地球物理学',null);
Insert into EA.FIELD (ID,FIELD_CLASS_ID,CODE,NAME,FLAG) values (2012070802,20120708,'070802','空间科学与技术',null);
Insert into EA.FIELD (ID,FIELD_CLASS_ID,CODE,NAME,FLAG) values (2012070901,20120709,'070901','地质学',null);
Insert into EA.FIELD (ID,FIELD_CLASS_ID,CODE,NAME,FLAG) values (2012070902,20120709,'070902','地球化学',null);
Insert into EA.FIELD (ID,FIELD_CLASS_ID,CODE,NAME,FLAG) values (2012070903,20120709,'070903','地球信息科学与技术','T');
Insert into EA.FIELD (ID,FIELD_CLASS_ID,CODE,NAME,FLAG) values (2012070904,20120709,'070904','古生物学','T');
Insert into EA.FIELD (ID,FIELD_CLASS_ID,CODE,NAME,FLAG) values (2012071001,20120710,'071001','生物科学',null);
Insert into EA.FIELD (ID,FIELD_CLASS_ID,CODE,NAME,FLAG) values (2012071002,20120710,'071002','生物技术',null);
Insert into EA.FIELD (ID,FIELD_CLASS_ID,CODE,NAME,FLAG) values (2012071003,20120710,'071003','生物信息学',null);
Insert into EA.FIELD (ID,FIELD_CLASS_ID,CODE,NAME,FLAG) values (2012071004,20120710,'071004','生态学',null);
Insert into EA.FIELD (ID,FIELD_CLASS_ID,CODE,NAME,FLAG) values (2012071101,20120711,'071101','心理学',null);
Insert into EA.FIELD (ID,FIELD_CLASS_ID,CODE,NAME,FLAG) values (2012071102,20120711,'071102','应用心理学',null);
Insert into EA.FIELD (ID,FIELD_CLASS_ID,CODE,NAME,FLAG) values (2012071201,20120712,'071201','统计学',null);
Insert into EA.FIELD (ID,FIELD_CLASS_ID,CODE,NAME,FLAG) values (2012071202,20120712,'071202','应用统计学',null);
Insert into EA.FIELD (ID,FIELD_CLASS_ID,CODE,NAME,FLAG) values (2012080101,20120801,'080101','理论与应用力学',null);
Insert into EA.FIELD (ID,FIELD_CLASS_ID,CODE,NAME,FLAG) values (2012080102,20120801,'080102','工程力学',null);
Insert into EA.FIELD (ID,FIELD_CLASS_ID,CODE,NAME,FLAG) values (2012080201,20120802,'080201','机械工程',null);
Insert into EA.FIELD (ID,FIELD_CLASS_ID,CODE,NAME,FLAG) values (2012080202,20120802,'080202','机械设计制造及其自动化',null);
Insert into EA.FIELD (ID,FIELD_CLASS_ID,CODE,NAME,FLAG) values (2012080203,20120802,'080203','材料成型及控制工程',null);
Insert into EA.FIELD (ID,FIELD_CLASS_ID,CODE,NAME,FLAG) values (2012080204,20120802,'080204','机械电子工程',null);
Insert into EA.FIELD (ID,FIELD_CLASS_ID,CODE,NAME,FLAG) values (2012080205,20120802,'080205','工业设计',null);
Insert into EA.FIELD (ID,FIELD_CLASS_ID,CODE,NAME,FLAG) values (2012080206,20120802,'080206','过程装备与控制工程',null);
Insert into EA.FIELD (ID,FIELD_CLASS_ID,CODE,NAME,FLAG) values (2012080207,20120802,'080207','车辆工程',null);
Insert into EA.FIELD (ID,FIELD_CLASS_ID,CODE,NAME,FLAG) values (2012080208,20120802,'080208','汽车服务工程',null);
Insert into EA.FIELD (ID,FIELD_CLASS_ID,CODE,NAME,FLAG) values (2012080209,20120802,'080209','机械工艺技术','T');
Insert into EA.FIELD (ID,FIELD_CLASS_ID,CODE,NAME,FLAG) values (2012080210,20120802,'080210','微机电系统工程','T');
Insert into EA.FIELD (ID,FIELD_CLASS_ID,CODE,NAME,FLAG) values (2012080211,20120802,'080211','机电技术教育','T');
Insert into EA.FIELD (ID,FIELD_CLASS_ID,CODE,NAME,FLAG) values (2012080212,20120802,'080212','汽车维修工程教育','T');
Insert into EA.FIELD (ID,FIELD_CLASS_ID,CODE,NAME,FLAG) values (2012080301,20120803,'080301','测控技术与仪器',null);
Insert into EA.FIELD (ID,FIELD_CLASS_ID,CODE,NAME,FLAG) values (2012080401,20120804,'080401','材料科学与工程',null);
Insert into EA.FIELD (ID,FIELD_CLASS_ID,CODE,NAME,FLAG) values (2012080402,20120804,'080402','材料物理',null);
Insert into EA.FIELD (ID,FIELD_CLASS_ID,CODE,NAME,FLAG) values (2012080403,20120804,'080403','材料化学',null);
Insert into EA.FIELD (ID,FIELD_CLASS_ID,CODE,NAME,FLAG) values (2012080404,20120804,'080404','冶金工程',null);
Insert into EA.FIELD (ID,FIELD_CLASS_ID,CODE,NAME,FLAG) values (2012080405,20120804,'080405','金属材料工程',null);
Insert into EA.FIELD (ID,FIELD_CLASS_ID,CODE,NAME,FLAG) values (2012080406,20120804,'080406','无机非金属材料工程',null);
Insert into EA.FIELD (ID,FIELD_CLASS_ID,CODE,NAME,FLAG) values (2012080407,20120804,'080407','高分子材料与工程',null);
Insert into EA.FIELD (ID,FIELD_CLASS_ID,CODE,NAME,FLAG) values (2012080408,20120804,'080408','复合材料与工程',null);
Insert into EA.FIELD (ID,FIELD_CLASS_ID,CODE,NAME,FLAG) values (2012080409,20120804,'080409','粉体材料科学与工程','T');
Insert into EA.FIELD (ID,FIELD_CLASS_ID,CODE,NAME,FLAG) values (2012080410,20120804,'080410','宝石及材料工艺学','T');
Insert into EA.FIELD (ID,FIELD_CLASS_ID,CODE,NAME,FLAG) values (2012080411,20120804,'080411','焊接技术与工程','T');
Insert into EA.FIELD (ID,FIELD_CLASS_ID,CODE,NAME,FLAG) values (2012080412,20120804,'080412','功能材料','T');
Insert into EA.FIELD (ID,FIELD_CLASS_ID,CODE,NAME,FLAG) values (2012080413,20120804,'080413','纳米材料与技术','T');
Insert into EA.FIELD (ID,FIELD_CLASS_ID,CODE,NAME,FLAG) values (2012080414,20120804,'080414','新能源材料与器件','T');
Insert into EA.FIELD (ID,FIELD_CLASS_ID,CODE,NAME,FLAG) values (2012080501,20120805,'080501','能源与动力工程',null);
Insert into EA.FIELD (ID,FIELD_CLASS_ID,CODE,NAME,FLAG) values (2012080502,20120805,'080502','能源与环境系统工程','T');
Insert into EA.FIELD (ID,FIELD_CLASS_ID,CODE,NAME,FLAG) values (2012080503,20120805,'080503','新能源科学与工程','T');
Insert into EA.FIELD (ID,FIELD_CLASS_ID,CODE,NAME,FLAG) values (2012080601,20120806,'080601','电气工程及其自动化',null);
Insert into EA.FIELD (ID,FIELD_CLASS_ID,CODE,NAME,FLAG) values (2012080602,20120806,'080602','智能电网信息工程','T');
Insert into EA.FIELD (ID,FIELD_CLASS_ID,CODE,NAME,FLAG) values (2012080603,20120806,'080603','光源与照明','T');
Insert into EA.FIELD (ID,FIELD_CLASS_ID,CODE,NAME,FLAG) values (2012080604,20120806,'080604','电气工程与智能控制','T');
Insert into EA.FIELD (ID,FIELD_CLASS_ID,CODE,NAME,FLAG) values (2012080701,20120807,'080701','电子信息工程',null);
Insert into EA.FIELD (ID,FIELD_CLASS_ID,CODE,NAME,FLAG) values (2012080702,20120807,'080702','电子科学与技术',null);
Insert into EA.FIELD (ID,FIELD_CLASS_ID,CODE,NAME,FLAG) values (2012080703,20120807,'080703','通信工程',null);
Insert into EA.FIELD (ID,FIELD_CLASS_ID,CODE,NAME,FLAG) values (2012080704,20120807,'080704','微电子科学与工程',null);
Insert into EA.FIELD (ID,FIELD_CLASS_ID,CODE,NAME,FLAG) values (2012080705,20120807,'080705','光电信息科学与工程',null);
Insert into EA.FIELD (ID,FIELD_CLASS_ID,CODE,NAME,FLAG) values (2012080706,20120807,'080706','信息工程',null);
Insert into EA.FIELD (ID,FIELD_CLASS_ID,CODE,NAME,FLAG) values (2012080707,20120807,'080707','广播电视工程','T');
Insert into EA.FIELD (ID,FIELD_CLASS_ID,CODE,NAME,FLAG) values (2012080708,20120807,'080708','水声工程','T');
Insert into EA.FIELD (ID,FIELD_CLASS_ID,CODE,NAME,FLAG) values (2012080709,20120807,'080709','电子封装技术','T');
Insert into EA.FIELD (ID,FIELD_CLASS_ID,CODE,NAME,FLAG) values (2012080710,20120807,'080710','集成电路设计与集成系统','T');
Insert into EA.FIELD (ID,FIELD_CLASS_ID,CODE,NAME,FLAG) values (2012080711,20120807,'080711','医学信息工程','T');
Insert into EA.FIELD (ID,FIELD_CLASS_ID,CODE,NAME,FLAG) values (2012080712,20120807,'080712','电磁场与无线技术','T');
Insert into EA.FIELD (ID,FIELD_CLASS_ID,CODE,NAME,FLAG) values (2012080713,20120807,'080713','电波传播与天线','T');
Insert into EA.FIELD (ID,FIELD_CLASS_ID,CODE,NAME,FLAG) values (2012101007,20121010,'101007','卫生检验与检疫',null);
Insert into EA.FIELD (ID,FIELD_CLASS_ID,CODE,NAME,FLAG) values (2012101008,20121010,'101008','听力与言语康复学','T');
Insert into EA.FIELD (ID,FIELD_CLASS_ID,CODE,NAME,FLAG) values (2012101101,20121011,'101101','护理学',null);
Insert into EA.FIELD (ID,FIELD_CLASS_ID,CODE,NAME,FLAG) values (2012120101,20121201,'120101','管理科学',null);
Insert into EA.FIELD (ID,FIELD_CLASS_ID,CODE,NAME,FLAG) values (2012120102,20121201,'120102','信息管理与信息系统',null);
Insert into EA.FIELD (ID,FIELD_CLASS_ID,CODE,NAME,FLAG) values (2012120103,20121201,'120103','工程管理',null);
Insert into EA.FIELD (ID,FIELD_CLASS_ID,CODE,NAME,FLAG) values (2012120104,20121201,'120104','房地产开发与管理',null);
Insert into EA.FIELD (ID,FIELD_CLASS_ID,CODE,NAME,FLAG) values (2012120105,20121201,'120105','工程造价',null);
Insert into EA.FIELD (ID,FIELD_CLASS_ID,CODE,NAME,FLAG) values (2012120106,20121201,'120106','保密管理','TK');
Insert into EA.FIELD (ID,FIELD_CLASS_ID,CODE,NAME,FLAG) values (2012120201,20121202,'120201','工商管理','K');
Insert into EA.FIELD (ID,FIELD_CLASS_ID,CODE,NAME,FLAG) values (2012120202,20121202,'120202','市场营销',null);
Insert into EA.FIELD (ID,FIELD_CLASS_ID,CODE,NAME,FLAG) values (2012120203,20121202,'120203','会计学','K');
Insert into EA.FIELD (ID,FIELD_CLASS_ID,CODE,NAME,FLAG) values (2012120204,20121202,'120204','财务管理',null);
Insert into EA.FIELD (ID,FIELD_CLASS_ID,CODE,NAME,FLAG) values (2012120205,20121202,'120205','国际商务',null);
Insert into EA.FIELD (ID,FIELD_CLASS_ID,CODE,NAME,FLAG) values (2012120206,20121202,'120206','人力资源管理',null);
Insert into EA.FIELD (ID,FIELD_CLASS_ID,CODE,NAME,FLAG) values (2012120207,20121202,'120207','审计学',null);
Insert into EA.FIELD (ID,FIELD_CLASS_ID,CODE,NAME,FLAG) values (2012120208,20121202,'120208','资产评估',null);
Insert into EA.FIELD (ID,FIELD_CLASS_ID,CODE,NAME,FLAG) values (2012120209,20121202,'120209','物业管理',null);
Insert into EA.FIELD (ID,FIELD_CLASS_ID,CODE,NAME,FLAG) values (2012120210,20121202,'120210','文化产业管理',null);
Insert into EA.FIELD (ID,FIELD_CLASS_ID,CODE,NAME,FLAG) values (2012120211,20121202,'120211','劳动关系','T');
Insert into EA.FIELD (ID,FIELD_CLASS_ID,CODE,NAME,FLAG) values (2012120212,20121202,'120212','体育经济与管理','T');
Insert into EA.FIELD (ID,FIELD_CLASS_ID,CODE,NAME,FLAG) values (2012120213,20121202,'120213','财务会计教育','T');
Insert into EA.FIELD (ID,FIELD_CLASS_ID,CODE,NAME,FLAG) values (2012120214,20121202,'120214','市场营销教育','T');
Insert into EA.FIELD (ID,FIELD_CLASS_ID,CODE,NAME,FLAG) values (2012120301,20121203,'120301','农林经济管理',null);
Insert into EA.FIELD (ID,FIELD_CLASS_ID,CODE,NAME,FLAG) values (2012120302,20121203,'120302','农村区域发展',null);
Insert into EA.FIELD (ID,FIELD_CLASS_ID,CODE,NAME,FLAG) values (2012120401,20121204,'120401','公共事业管理',null);
Insert into EA.FIELD (ID,FIELD_CLASS_ID,CODE,NAME,FLAG) values (2012120402,20121204,'120402','行政管理',null);
Insert into EA.FIELD (ID,FIELD_CLASS_ID,CODE,NAME,FLAG) values (2012120403,20121204,'120403','劳动与社会保障',null);
Insert into EA.FIELD (ID,FIELD_CLASS_ID,CODE,NAME,FLAG) values (2012120404,20121204,'120404','土地资源管理',null);
Insert into EA.FIELD (ID,FIELD_CLASS_ID,CODE,NAME,FLAG) values (2012120405,20121204,'120405','城市管理',null);
Insert into EA.FIELD (ID,FIELD_CLASS_ID,CODE,NAME,FLAG) values (2012120406,20121204,'120406','海关管理','TK');
Insert into EA.FIELD (ID,FIELD_CLASS_ID,CODE,NAME,FLAG) values (2012120407,20121204,'120407','交通管理','T');
Insert into EA.FIELD (ID,FIELD_CLASS_ID,CODE,NAME,FLAG) values (2012120408,20121204,'120408','海事管理','T');
Insert into EA.FIELD (ID,FIELD_CLASS_ID,CODE,NAME,FLAG) values (2012120409,20121204,'120409','公共关系学','T');
Insert into EA.FIELD (ID,FIELD_CLASS_ID,CODE,NAME,FLAG) values (2012120501,20121205,'120501','图书馆学',null);
Insert into EA.FIELD (ID,FIELD_CLASS_ID,CODE,NAME,FLAG) values (2012120502,20121205,'120502','档案学',null);
Insert into EA.FIELD (ID,FIELD_CLASS_ID,CODE,NAME,FLAG) values (2012120503,20121205,'120503','信息资源管理',null);
Insert into EA.FIELD (ID,FIELD_CLASS_ID,CODE,NAME,FLAG) values (2012120601,20121206,'120601','物流管理',null);
Insert into EA.FIELD (ID,FIELD_CLASS_ID,CODE,NAME,FLAG) values (2012120602,20121206,'120602','物流工程',null);
Insert into EA.FIELD (ID,FIELD_CLASS_ID,CODE,NAME,FLAG) values (2012120603,20121206,'120603','采购管理','T');
Insert into EA.FIELD (ID,FIELD_CLASS_ID,CODE,NAME,FLAG) values (2012120701,20121207,'120701','工业工程',null);
Insert into EA.FIELD (ID,FIELD_CLASS_ID,CODE,NAME,FLAG) values (2012120702,20121207,'120702','标准化工程','T');
Insert into EA.FIELD (ID,FIELD_CLASS_ID,CODE,NAME,FLAG) values (2012120703,20121207,'120703','质量管理工程','T');
Insert into EA.FIELD (ID,FIELD_CLASS_ID,CODE,NAME,FLAG) values (2012120801,20121208,'120801','电子商务',null);
Insert into EA.FIELD (ID,FIELD_CLASS_ID,CODE,NAME,FLAG) values (2012120802,20121208,'120802','电子商务及法律','T');
Insert into EA.FIELD (ID,FIELD_CLASS_ID,CODE,NAME,FLAG) values (2012120901,20121209,'120901','旅游管理','K');
Insert into EA.FIELD (ID,FIELD_CLASS_ID,CODE,NAME,FLAG) values (2012120902,20121209,'120902','酒店管理',null);
Insert into EA.FIELD (ID,FIELD_CLASS_ID,CODE,NAME,FLAG) values (2012120903,20121209,'120903','会展经济与管理',null);
Insert into EA.FIELD (ID,FIELD_CLASS_ID,CODE,NAME,FLAG) values (2012120904,20121209,'120904','旅游管理与服务教育','T');
Insert into EA.FIELD (ID,FIELD_CLASS_ID,CODE,NAME,FLAG) values (2012130101,20121301,'130101','艺术史论',null);
Insert into EA.FIELD (ID,FIELD_CLASS_ID,CODE,NAME,FLAG) values (2012130201,20121302,'130201','音乐表演',null);
Insert into EA.FIELD (ID,FIELD_CLASS_ID,CODE,NAME,FLAG) values (2012130202,20121302,'130202','音乐学',null);
Insert into EA.FIELD (ID,FIELD_CLASS_ID,CODE,NAME,FLAG) values (2012130203,20121302,'130203','作曲与作曲技术理论',null);
Insert into EA.FIELD (ID,FIELD_CLASS_ID,CODE,NAME,FLAG) values (2012130204,20121302,'130204','舞蹈表演',null);
Insert into EA.FIELD (ID,FIELD_CLASS_ID,CODE,NAME,FLAG) values (2012130205,20121302,'130205','舞蹈学',null);
Insert into EA.FIELD (ID,FIELD_CLASS_ID,CODE,NAME,FLAG) values (2012130206,20121302,'130206','舞蹈编导',null);
Insert into EA.FIELD (ID,FIELD_CLASS_ID,CODE,NAME,FLAG) values (2012130301,20121303,'130301','表演',null);
Insert into EA.FIELD (ID,FIELD_CLASS_ID,CODE,NAME,FLAG) values (2012130302,20121303,'130302','戏剧学',null);
Insert into EA.FIELD (ID,FIELD_CLASS_ID,CODE,NAME,FLAG) values (2012130303,20121303,'130303','电影学',null);
Insert into EA.FIELD (ID,FIELD_CLASS_ID,CODE,NAME,FLAG) values (2012130304,20121303,'130304','戏剧影视文学',null);
Insert into EA.FIELD (ID,FIELD_CLASS_ID,CODE,NAME,FLAG) values (2012130305,20121303,'130305','广播电视编导',null);
Insert into EA.FIELD (ID,FIELD_CLASS_ID,CODE,NAME,FLAG) values (2012130306,20121303,'130306','戏剧影视导演',null);
Insert into EA.FIELD (ID,FIELD_CLASS_ID,CODE,NAME,FLAG) values (2012130307,20121303,'130307','戏剧影视美术设计',null);
Insert into EA.FIELD (ID,FIELD_CLASS_ID,CODE,NAME,FLAG) values (2012130308,20121303,'130308','录音艺术',null);
Insert into EA.FIELD (ID,FIELD_CLASS_ID,CODE,NAME,FLAG) values (2012130309,20121303,'130309','播音与主持艺术',null);
Insert into EA.FIELD (ID,FIELD_CLASS_ID,CODE,NAME,FLAG) values (2012130310,20121303,'130310','动画',null);
Insert into EA.FIELD (ID,FIELD_CLASS_ID,CODE,NAME,FLAG) values (2012130311,20121303,'130311','影视摄影与制作','T');
Insert into EA.FIELD (ID,FIELD_CLASS_ID,CODE,NAME,FLAG) values (2012130401,20121304,'130401','美术学',null);
Insert into EA.FIELD (ID,FIELD_CLASS_ID,CODE,NAME,FLAG) values (2012130402,20121304,'130402','绘画',null);
Insert into EA.FIELD (ID,FIELD_CLASS_ID,CODE,NAME,FLAG) values (2012130403,20121304,'130403','雕塑',null);
Insert into EA.FIELD (ID,FIELD_CLASS_ID,CODE,NAME,FLAG) values (2012130404,20121304,'130404','摄影',null);
Insert into EA.FIELD (ID,FIELD_CLASS_ID,CODE,NAME,FLAG) values (2012130405,20121304,'130405','书法学','T');
Insert into EA.FIELD (ID,FIELD_CLASS_ID,CODE,NAME,FLAG) values (2012130406,20121304,'130406','中国画','T');
Insert into EA.FIELD (ID,FIELD_CLASS_ID,CODE,NAME,FLAG) values (2012130501,20121305,'130501','艺术设计学',null);
Insert into EA.FIELD (ID,FIELD_CLASS_ID,CODE,NAME,FLAG) values (2012130502,20121305,'130502','视觉传达设计',null);
Insert into EA.FIELD (ID,FIELD_CLASS_ID,CODE,NAME,FLAG) values (2012130503,20121305,'130503','环境设计',null);
Insert into EA.FIELD (ID,FIELD_CLASS_ID,CODE,NAME,FLAG) values (2012130504,20121305,'130504','产品设计',null);
Insert into EA.FIELD (ID,FIELD_CLASS_ID,CODE,NAME,FLAG) values (2012130505,20121305,'130505','服装与服饰设计',null);
Insert into EA.FIELD (ID,FIELD_CLASS_ID,CODE,NAME,FLAG) values (2012130506,20121305,'130506','公共艺术',null);
Insert into EA.FIELD (ID,FIELD_CLASS_ID,CODE,NAME,FLAG) values (2012130507,20121305,'130507','工艺美术',null);
Insert into EA.FIELD (ID,FIELD_CLASS_ID,CODE,NAME,FLAG) values (2012130508,20121305,'130508','数字媒体艺术',null);
Insert into EA.FIELD (ID,FIELD_CLASS_ID,CODE,NAME,FLAG) values (2012130509,20121305,'130509','艺术与科技','T');

Insert into EA.FIELD_ALLOW_DEGREE (FIELD_ID,DISCIPLINE_ID) values (1998030301,199801);
Insert into EA.FIELD_ALLOW_DEGREE (FIELD_ID,DISCIPLINE_ID) values (1998030302,199801);
Insert into EA.FIELD_ALLOW_DEGREE (FIELD_ID,DISCIPLINE_ID) values (1998030401,199801);
Insert into EA.FIELD_ALLOW_DEGREE (FIELD_ID,DISCIPLINE_ID) values (1998030402,199801);
Insert into EA.FIELD_ALLOW_DEGREE (FIELD_ID,DISCIPLINE_ID) values (1998030403,199801);
Insert into EA.FIELD_ALLOW_DEGREE (FIELD_ID,DISCIPLINE_ID) values (1998030404,199804);
Insert into EA.FIELD_ALLOW_DEGREE (FIELD_ID,DISCIPLINE_ID) values (1998040105,199807);
Insert into EA.FIELD_ALLOW_DEGREE (FIELD_ID,DISCIPLINE_ID) values (1998070202,199808);
Insert into EA.FIELD_ALLOW_DEGREE (FIELD_ID,DISCIPLINE_ID) values (1998070302,199808);
Insert into EA.FIELD_ALLOW_DEGREE (FIELD_ID,DISCIPLINE_ID) values (1998071101,199808);
Insert into EA.FIELD_ALLOW_DEGREE (FIELD_ID,DISCIPLINE_ID) values (1998071201,199808);
Insert into EA.FIELD_ALLOW_DEGREE (FIELD_ID,DISCIPLINE_ID) values (1998071202,199808);
Insert into EA.FIELD_ALLOW_DEGREE (FIELD_ID,DISCIPLINE_ID) values (1998071301,199808);
Insert into EA.FIELD_ALLOW_DEGREE (FIELD_ID,DISCIPLINE_ID) values (1998071302,199808);
Insert into EA.FIELD_ALLOW_DEGREE (FIELD_ID,DISCIPLINE_ID) values (1998071601,199802);
Insert into EA.FIELD_ALLOW_DEGREE (FIELD_ID,DISCIPLINE_ID) values (1998080303,199805);
Insert into EA.FIELD_ALLOW_DEGREE (FIELD_ID,DISCIPLINE_ID) values (1998080605,199807);
Insert into EA.FIELD_ALLOW_DEGREE (FIELD_ID,DISCIPLINE_ID) values (1998081401,199809);
Insert into EA.FIELD_ALLOW_DEGREE (FIELD_ID,DISCIPLINE_ID) values (1998081406,199805);
Insert into EA.FIELD_ALLOW_DEGREE (FIELD_ID,DISCIPLINE_ID) values (1998090702,199808);
Insert into EA.FIELD_ALLOW_DEGREE (FIELD_ID,DISCIPLINE_ID) values (1998100304,199807);
Insert into EA.FIELD_ALLOW_DEGREE (FIELD_ID,DISCIPLINE_ID) values (1998100701,199807);
Insert into EA.FIELD_ALLOW_DEGREE (FIELD_ID,DISCIPLINE_ID) values (1998100801,199807);
Insert into EA.FIELD_ALLOW_DEGREE (FIELD_ID,DISCIPLINE_ID) values (1998100802,199807);
Insert into EA.FIELD_ALLOW_DEGREE (FIELD_ID,DISCIPLINE_ID) values (1998100803,199808);
Insert into EA.FIELD_ALLOW_DEGREE (FIELD_ID,DISCIPLINE_ID) values (1998110103,199808);
Insert into EA.FIELD_ALLOW_DEGREE (FIELD_ID,DISCIPLINE_ID) values (1998110301,199803);
Insert into EA.FIELD_ALLOW_DEGREE (FIELD_ID,DISCIPLINE_ID) values (1998110302,199804);
Insert into EA.FIELD_ALLOW_DEGREE (FIELD_ID,DISCIPLINE_ID) values (1998110302,199805);
Insert into EA.FIELD_ALLOW_DEGREE (FIELD_ID,DISCIPLINE_ID) values (1998110302,199810);
Insert into EA.FIELD_ALLOW_DEGREE (FIELD_ID,DISCIPLINE_ID) values (1998110304,199808);
Insert into EA.FIELD_ALLOW_DEGREE (FIELD_ID,DISCIPLINE_ID) values (1998110401,199809);
Insert into EA.FIELD_ALLOW_DEGREE (FIELD_ID,DISCIPLINE_ID) values (1998110402,199809);
Insert into EA.FIELD_ALLOW_DEGREE (FIELD_ID,DISCIPLINE_ID) values (2012020306,201212);
Insert into EA.FIELD_ALLOW_DEGREE (FIELD_ID,DISCIPLINE_ID) values (2012040104,201207);
Insert into EA.FIELD_ALLOW_DEGREE (FIELD_ID,DISCIPLINE_ID) values (2012040104,201208);
Insert into EA.FIELD_ALLOW_DEGREE (FIELD_ID,DISCIPLINE_ID) values (2012040105,201213);
Insert into EA.FIELD_ALLOW_DEGREE (FIELD_ID,DISCIPLINE_ID) values (2012040206,201207);
Insert into EA.FIELD_ALLOW_DEGREE (FIELD_ID,DISCIPLINE_ID) values (2012060106,201205);
Insert into EA.FIELD_ALLOW_DEGREE (FIELD_ID,DISCIPLINE_ID) values (2012070302,201208);
Insert into EA.FIELD_ALLOW_DEGREE (FIELD_ID,DISCIPLINE_ID) values (2012070502,201212);
Insert into EA.FIELD_ALLOW_DEGREE (FIELD_ID,DISCIPLINE_ID) values (2012070503,201212);
Insert into EA.FIELD_ALLOW_DEGREE (FIELD_ID,DISCIPLINE_ID) values (2012070702,201208);
Insert into EA.FIELD_ALLOW_DEGREE (FIELD_ID,DISCIPLINE_ID) values (2012070802,201208);
Insert into EA.FIELD_ALLOW_DEGREE (FIELD_ID,DISCIPLINE_ID) values (2012070903,201208);
Insert into EA.FIELD_ALLOW_DEGREE (FIELD_ID,DISCIPLINE_ID) values (2012071002,201208);
Insert into EA.FIELD_ALLOW_DEGREE (FIELD_ID,DISCIPLINE_ID) values (2012071003,201208);
Insert into EA.FIELD_ALLOW_DEGREE (FIELD_ID,DISCIPLINE_ID) values (2012071101,201204);
Insert into EA.FIELD_ALLOW_DEGREE (FIELD_ID,DISCIPLINE_ID) values (2012071102,201204);
Insert into EA.FIELD_ALLOW_DEGREE (FIELD_ID,DISCIPLINE_ID) values (2012080101,201207);
Insert into EA.FIELD_ALLOW_DEGREE (FIELD_ID,DISCIPLINE_ID) values (2012080402,201207);
Insert into EA.FIELD_ALLOW_DEGREE (FIELD_ID,DISCIPLINE_ID) values (2012080403,201207);
Insert into EA.FIELD_ALLOW_DEGREE (FIELD_ID,DISCIPLINE_ID) values (2012080701,201207);
Insert into EA.FIELD_ALLOW_DEGREE (FIELD_ID,DISCIPLINE_ID) values (2012080702,201207);
Insert into EA.FIELD_ALLOW_DEGREE (FIELD_ID,DISCIPLINE_ID) values (2012080704,201207);
Insert into EA.FIELD_ALLOW_DEGREE (FIELD_ID,DISCIPLINE_ID) values (2012080705,201207);
Insert into EA.FIELD_ALLOW_DEGREE (FIELD_ID,DISCIPLINE_ID) values (2012080714,201207);
Insert into EA.FIELD_ALLOW_DEGREE (FIELD_ID,DISCIPLINE_ID) values (2012080901,201207);
Insert into EA.FIELD_ALLOW_DEGREE (FIELD_ID,DISCIPLINE_ID) values (2012080904,201207);
Insert into EA.FIELD_ALLOW_DEGREE (FIELD_ID,DISCIPLINE_ID) values (2012080904,201212);
Insert into EA.FIELD_ALLOW_DEGREE (FIELD_ID,DISCIPLINE_ID) values (2012081602,201213);
Insert into EA.FIELD_ALLOW_DEGREE (FIELD_ID,DISCIPLINE_ID) values (2012082503,201207);
Insert into EA.FIELD_ALLOW_DEGREE (FIELD_ID,DISCIPLINE_ID) values (2012082506,201207);
Insert into EA.FIELD_ALLOW_DEGREE (FIELD_ID,DISCIPLINE_ID) values (2012082601,201207);
Insert into EA.FIELD_ALLOW_DEGREE (FIELD_ID,DISCIPLINE_ID) values (2012082701,201209);
Insert into EA.FIELD_ALLOW_DEGREE (FIELD_ID,DISCIPLINE_ID) values (2012082803,201213);
Insert into EA.FIELD_ALLOW_DEGREE (FIELD_ID,DISCIPLINE_ID) values (2012090106,201208);
Insert into EA.FIELD_ALLOW_DEGREE (FIELD_ID,DISCIPLINE_ID) values (2012090109,201207);
Insert into EA.FIELD_ALLOW_DEGREE (FIELD_ID,DISCIPLINE_ID) values (2012090403,201207);
Insert into EA.FIELD_ALLOW_DEGREE (FIELD_ID,DISCIPLINE_ID) values (2012100402,201207);
Insert into EA.FIELD_ALLOW_DEGREE (FIELD_ID,DISCIPLINE_ID) values (2012100405,201207);
Insert into EA.FIELD_ALLOW_DEGREE (FIELD_ID,DISCIPLINE_ID) values (2012100701,201207);
Insert into EA.FIELD_ALLOW_DEGREE (FIELD_ID,DISCIPLINE_ID) values (2012100702,201207);
Insert into EA.FIELD_ALLOW_DEGREE (FIELD_ID,DISCIPLINE_ID) values (2012100703,201207);
Insert into EA.FIELD_ALLOW_DEGREE (FIELD_ID,DISCIPLINE_ID) values (2012100704,201207);
Insert into EA.FIELD_ALLOW_DEGREE (FIELD_ID,DISCIPLINE_ID) values (2012100705,201207);
Insert into EA.FIELD_ALLOW_DEGREE (FIELD_ID,DISCIPLINE_ID) values (2012100706,201207);
Insert into EA.FIELD_ALLOW_DEGREE (FIELD_ID,DISCIPLINE_ID) values (2012100707,201207);
Insert into EA.FIELD_ALLOW_DEGREE (FIELD_ID,DISCIPLINE_ID) values (2012100801,201207);
Insert into EA.FIELD_ALLOW_DEGREE (FIELD_ID,DISCIPLINE_ID) values (2012100802,201207);
Insert into EA.FIELD_ALLOW_DEGREE (FIELD_ID,DISCIPLINE_ID) values (2012100803,201207);
Insert into EA.FIELD_ALLOW_DEGREE (FIELD_ID,DISCIPLINE_ID) values (2012100804,201207);
Insert into EA.FIELD_ALLOW_DEGREE (FIELD_ID,DISCIPLINE_ID) values (2012100805,201207);
Insert into EA.FIELD_ALLOW_DEGREE (FIELD_ID,DISCIPLINE_ID) values (2012100805,201208);
Insert into EA.FIELD_ALLOW_DEGREE (FIELD_ID,DISCIPLINE_ID) values (2012100806,201207);
Insert into EA.FIELD_ALLOW_DEGREE (FIELD_ID,DISCIPLINE_ID) values (2012101001,201207);
Insert into EA.FIELD_ALLOW_DEGREE (FIELD_ID,DISCIPLINE_ID) values (2012101002,201207);
Insert into EA.FIELD_ALLOW_DEGREE (FIELD_ID,DISCIPLINE_ID) values (2012101003,201207);
Insert into EA.FIELD_ALLOW_DEGREE (FIELD_ID,DISCIPLINE_ID) values (2012101004,201207);
Insert into EA.FIELD_ALLOW_DEGREE (FIELD_ID,DISCIPLINE_ID) values (2012101005,201207);
Insert into EA.FIELD_ALLOW_DEGREE (FIELD_ID,DISCIPLINE_ID) values (2012101006,201207);
Insert into EA.FIELD_ALLOW_DEGREE (FIELD_ID,DISCIPLINE_ID) values (2012101007,201207);
Insert into EA.FIELD_ALLOW_DEGREE (FIELD_ID,DISCIPLINE_ID) values (2012101101,201207);
Insert into EA.FIELD_ALLOW_DEGREE (FIELD_ID,DISCIPLINE_ID) values (2012120101,201207);
Insert into EA.FIELD_ALLOW_DEGREE (FIELD_ID,DISCIPLINE_ID) values (2012120102,201208);
Insert into EA.FIELD_ALLOW_DEGREE (FIELD_ID,DISCIPLINE_ID) values (2012120103,201208);
Insert into EA.FIELD_ALLOW_DEGREE (FIELD_ID,DISCIPLINE_ID) values (2012120105,201208);
Insert into EA.FIELD_ALLOW_DEGREE (FIELD_ID,DISCIPLINE_ID) values (2012120210,201213);
Insert into EA.FIELD_ALLOW_DEGREE (FIELD_ID,DISCIPLINE_ID) values (2012120302,201209);
Insert into EA.FIELD_ALLOW_DEGREE (FIELD_ID,DISCIPLINE_ID) values (2012120404,201208);
Insert into EA.FIELD_ALLOW_DEGREE (FIELD_ID,DISCIPLINE_ID) values (2012120407,201208);
Insert into EA.FIELD_ALLOW_DEGREE (FIELD_ID,DISCIPLINE_ID) values (2012120602,201208);
Insert into EA.FIELD_ALLOW_DEGREE (FIELD_ID,DISCIPLINE_ID) values (2012120701,201208);
Insert into EA.FIELD_ALLOW_DEGREE (FIELD_ID,DISCIPLINE_ID) values (2012120801,201202);
Insert into EA.FIELD_ALLOW_DEGREE (FIELD_ID,DISCIPLINE_ID) values (2012120801,201208);

Insert into EA.TERM (ID,START_DATE,START_WEEK,MID_LEFT,MID_RIGHT,END_WEEK,MAX_WEEK) values (20021,to_date('2002-10-07','RRRR-MM-DD'),1,null,null,16,19);
Insert into EA.TERM (ID,START_DATE,START_WEEK,MID_LEFT,MID_RIGHT,END_WEEK,MAX_WEEK) values (20022,to_date('2003-02-17','RRRR-MM-DD'),1,null,null,20,28);
Insert into EA.TERM (ID,START_DATE,START_WEEK,MID_LEFT,MID_RIGHT,END_WEEK,MAX_WEEK) values (20031,to_date('2003-09-01','RRRR-MM-DD'),1,null,null,20,24);
Insert into EA.TERM (ID,START_DATE,START_WEEK,MID_LEFT,MID_RIGHT,END_WEEK,MAX_WEEK) values (20032,to_date('2004-02-16','RRRR-MM-DD'),1,null,null,21,29);
Insert into EA.TERM (ID,START_DATE,START_WEEK,MID_LEFT,MID_RIGHT,END_WEEK,MAX_WEEK) values (20041,to_date('2004-09-06','RRRR-MM-DD'),1,null,null,20,25);
Insert into EA.TERM (ID,START_DATE,START_WEEK,MID_LEFT,MID_RIGHT,END_WEEK,MAX_WEEK) values (20042,to_date('2005-02-28','RRRR-MM-DD'),1,null,null,20,27);
Insert into EA.TERM (ID,START_DATE,START_WEEK,MID_LEFT,MID_RIGHT,END_WEEK,MAX_WEEK) values (20051,to_date('2005-09-05','RRRR-MM-DD'),1,null,null,20,24);
Insert into EA.TERM (ID,START_DATE,START_WEEK,MID_LEFT,MID_RIGHT,END_WEEK,MAX_WEEK) values (20052,to_date('2006-02-20','RRRR-MM-DD'),1,null,null,20,28);
Insert into EA.TERM (ID,START_DATE,START_WEEK,MID_LEFT,MID_RIGHT,END_WEEK,MAX_WEEK) values (20061,to_date('2006-09-04','RRRR-MM-DD'),1,null,null,20,26);
Insert into EA.TERM (ID,START_DATE,START_WEEK,MID_LEFT,MID_RIGHT,END_WEEK,MAX_WEEK) values (20062,to_date('2007-03-05','RRRR-MM-DD'),1,null,null,19,26);
Insert into EA.TERM (ID,START_DATE,START_WEEK,MID_LEFT,MID_RIGHT,END_WEEK,MAX_WEEK) values (20071,to_date('2007-09-03','RRRR-MM-DD'),1,null,null,20,24);
Insert into EA.TERM (ID,START_DATE,START_WEEK,MID_LEFT,MID_RIGHT,END_WEEK,MAX_WEEK) values (20072,to_date('2008-02-18','RRRR-MM-DD'),1,null,null,20,28);
Insert into EA.TERM (ID,START_DATE,START_WEEK,MID_LEFT,MID_RIGHT,END_WEEK,MAX_WEEK) values (20081,to_date('2008-09-01','RRRR-MM-DD'),1,null,null,20,24);
Insert into EA.TERM (ID,START_DATE,START_WEEK,MID_LEFT,MID_RIGHT,END_WEEK,MAX_WEEK) values (20082,to_date('2009-02-16','RRRR-MM-DD'),1,null,null,20,29);
Insert into EA.TERM (ID,START_DATE,START_WEEK,MID_LEFT,MID_RIGHT,END_WEEK,MAX_WEEK) values (20091,to_date('2009-09-07','RRRR-MM-DD'),1,null,null,20,25);
Insert into EA.TERM (ID,START_DATE,START_WEEK,MID_LEFT,MID_RIGHT,END_WEEK,MAX_WEEK) values (20092,to_date('2010-03-01','RRRR-MM-DD'),1,null,null,20,28);
Insert into EA.TERM (ID,START_DATE,START_WEEK,MID_LEFT,MID_RIGHT,END_WEEK,MAX_WEEK) values (20101,to_date('2010-09-13','RRRR-MM-DD'),1,null,null,18,22);
Insert into EA.TERM (ID,START_DATE,START_WEEK,MID_LEFT,MID_RIGHT,END_WEEK,MAX_WEEK) values (20102,to_date('2011-02-14','RRRR-MM-DD'),1,18,20,23,30);
Insert into EA.TERM (ID,START_DATE,START_WEEK,MID_LEFT,MID_RIGHT,END_WEEK,MAX_WEEK) values (20111,to_date('2011-09-12','RRRR-MM-DD'),1,null,null,18,22);
Insert into EA.TERM (ID,START_DATE,START_WEEK,MID_LEFT,MID_RIGHT,END_WEEK,MAX_WEEK) values (20112,to_date('2012-02-13','RRRR-MM-DD'),1,18,20,23,31);
Insert into EA.TERM (ID,START_DATE,START_WEEK,MID_LEFT,MID_RIGHT,END_WEEK,MAX_WEEK) values (20121,to_date('2012-09-17','RRRR-MM-DD'),1,null,null,18,23);
Insert into EA.TERM (ID,START_DATE,START_WEEK,MID_LEFT,MID_RIGHT,END_WEEK,MAX_WEEK) values (20122,to_date('2013-02-25','RRRR-MM-DD'),1,18,19,22,29);
Insert into EA.TERM (ID,START_DATE,START_WEEK,MID_LEFT,MID_RIGHT,END_WEEK,MAX_WEEK) values (20131,to_date('2013-09-16','RRRR-MM-DD'),1,null,null,18,22);
Insert into EA.TERM (ID,START_DATE,START_WEEK,MID_LEFT,MID_RIGHT,END_WEEK,MAX_WEEK) values (20132,to_date('2014-02-17','RRRR-MM-DD'),1,18,19,22,30);
Insert into EA.TERM (ID,START_DATE,START_WEEK,MID_LEFT,MID_RIGHT,END_WEEK,MAX_WEEK) values (20141,to_date('2014-09-15','RRRR-MM-DD'),1,null,null,19,24);
Insert into EA.TERM (ID,START_DATE,START_WEEK,MID_LEFT,MID_RIGHT,END_WEEK,MAX_WEEK) values (20142,to_date('2015-03-02','RRRR-MM-DD'),1,19,20,21,28);
Insert into EA.TERM (ID,START_DATE,START_WEEK,MID_LEFT,MID_RIGHT,END_WEEK,MAX_WEEK) values (20151,to_date('2015-09-14','RRRR-MM-DD'),1,null,null,19,24);
Insert into EA.TERM (ID,START_DATE,START_WEEK,MID_LEFT,MID_RIGHT,END_WEEK,MAX_WEEK) values (20152,to_date('2016-02-29','RRRR-MM-DD'),1,19,20,21,28);